"","Date","Equity","mCl","sdCl","hits","num_tws","num_rts"
"1",1999-01-01,"NVDA",-0.00524239305388924,0.0690760484985796,NA,NA,NA
"2",1999-02-01,"NVDA",0.00861661654158039,0.0463954269193846,NA,NA,NA
"3",1999-03-01,"NVDA",-0.000751865504655378,0.0429388657071711,NA,NA,NA
"4",1999-04-01,"NVDA",-0.00611194266001411,0.042593580807707,NA,NA,NA
"5",1999-05-01,"NVDA",-0.00276406783273954,0.0353666707323697,NA,NA,NA
"6",1999-06-01,"NVDA",0.005667790470204,0.0309228258415615,NA,NA,NA
"7",1999-07-01,"NVDA",0.00299776398670493,0.0348319521519857,NA,NA,NA
"8",1999-08-01,"NVDA",0.0167562139370938,0.0572358848764229,NA,NA,NA
"9",1999-09-01,"NVDA",-0.0168334824122867,0.0470215395673163,NA,NA,NA
"10",1999-10-01,"NVDA",0.00810401898250539,0.055787276639291,NA,NA,NA
"11",1999-11-01,"NVDA",0.0233855630606748,0.0636728093386225,NA,NA,NA
"12",1999-12-01,"NVDA",0.0145743307578337,0.0373585996771617,NA,NA,NA
"13",2000-01-01,"NVDA",-0.0112339838773749,0.0327809803061628,NA,NA,NA
"14",2000-02-01,"NVDA",0.0296758600455937,0.0668907867238525,NA,NA,NA
"15",2000-03-01,"NVDA",0.020882771170811,0.140825443585147,NA,NA,NA
"16",2000-04-01,"NVDA",0.00663829964435257,0.0921397283013464,NA,NA,NA
"17",2000-05-01,"NVDA",0.0123790103759762,0.0592398633483083,NA,NA,NA
"18",2000-06-01,"NVDA",0.00854604635091197,0.0803733466230277,NA,NA,NA
"19",2000-07-01,"NVDA",-0.000962108181001195,0.0633190624241237,NA,NA,NA
"20",2000-08-01,"NVDA",0.0129897326492882,0.0394909379827528,NA,NA,NA
"21",2000-09-01,"NVDA",0.00233890173849986,0.0406363160900376,NA,NA,NA
"22",2000-10-01,"NVDA",-0.0110275644156592,0.0551178447268969,NA,NA,NA
"23",2000-11-01,"NVDA",-0.0174572192018867,0.076041961262708,NA,NA,NA
"24",2000-12-01,"NVDA",-0.00526624146735269,0.108332229722866,NA,NA,NA
"25",2001-01-01,"NVDA",0.0266175397141696,0.103027294420277,NA,NA,NA
"26",2001-02-01,"NVDA",-0.00529341454572799,0.0700977430048796,NA,NA,NA
"27",2001-03-01,"NVDA",0.0190813876450916,0.0642307626176393,NA,NA,NA
"28",2001-04-01,"NVDA",0.0144108622010438,0.0625780099091501,NA,NA,NA
"29",2001-05-01,"NVDA",0.00192567880945819,0.037952613401273,NA,NA,NA
"30",2001-06-01,"NVDA",0.00433588819388351,0.0329271058380804,NA,NA,NA
"31",2001-07-01,"NVDA",-0.00530335158075762,0.049862723876846,NA,NA,NA
"32",2001-08-01,"NVDA",0.00244995256112977,0.0306113059644081,NA,NA,NA
"33",2001-09-01,"NVDA",-0.0270137843810149,0.0557452504557948,NA,NA,NA
"34",2001-10-01,"NVDA",0.0218604493205303,0.0711365977820221,NA,NA,NA
"35",2001-11-01,"NVDA",0.0122703089107722,0.0370937983852124,NA,NA,NA
"36",2001-12-01,"NVDA",0.0108079920242066,0.0369041128781019,NA,NA,NA
"37",2002-01-01,"NVDA",-0.000137947611500766,0.0384955212492291,NA,NA,NA
"38",2002-02-01,"NVDA",-0.0123006285452552,0.0450585562065624,NA,NA,NA
"39",2002-03-01,"NVDA",-0.00596771565527336,0.0457105964892453,NA,NA,NA
"40",2002-04-01,"NVDA",-0.0094660321262129,0.0566728926456246,NA,NA,NA
"41",2002-05-01,"NVDA",-0.000529333741786604,0.0519186871748084,NA,NA,NA
"42",2002-06-01,"NVDA",-0.0312970808903008,0.0539093239625949,NA,NA,NA
"43",2002-07-01,"NVDA",-0.0151004042836705,0.0930063864091814,NA,NA,NA
"44",2002-08-01,"NVDA",-0.00211012689731334,0.0658632027402711,NA,NA,NA
"45",2002-09-01,"NVDA",-0.00722495587110492,0.0481804354283401,NA,NA,NA
"46",2002-10-01,"NVDA",0.0160620064541475,0.0590822994139822,NA,NA,NA
"47",2002-11-01,"NVDA",0.0222066815564741,0.0879244729811787,NA,NA,NA
"48",2002-12-01,"NVDA",-0.0177666993538728,0.0450900312711376,NA,NA,NA
"49",2003-01-01,"NVDA",-0.00433203651953148,0.0420713843514597,NA,NA,NA
"50",2003-02-01,"NVDA",0.0120083425667317,0.0563705304688282,NA,NA,NA
"51",2003-03-01,"NVDA",0.00153377401989915,0.0347737768012968,NA,NA,NA
"52",2003-04-01,"NVDA",0.00512886931023007,0.0222641852411668,NA,NA,NA
"53",2003-05-01,"NVDA",0.0319059507942565,0.0795693025828291,NA,NA,NA
"54",2003-06-01,"NVDA",-0.00583043610987333,0.0315494224409396,NA,NA,NA
"55",2003-07-01,"NVDA",-0.00780069516167463,0.0308900722046623,NA,NA,NA
"56",2003-08-01,"NVDA",-0.000850852269261587,0.0535985228604066,NA,NA,NA
"57",2003-09-01,"NVDA",-0.00548681331441488,0.0364758189447676,NA,NA,NA
"58",2003-10-01,"NVDA",0.00455962102830844,0.0218433574486179,NA,NA,NA
"59",2003-11-01,"NVDA",0.0109319362583934,0.0511492618888415,NA,NA,NA
"60",2003-12-01,"NVDA",0.00436832423900935,0.0262056393275811,NA,NA,NA
"61",2004-01-01,"NVDA",-0.00168575050291916,0.0289604318011772,1,NA,NA
"62",2004-02-01,"NVDA",0.000245981221189512,0.0227564390607436,2,NA,NA
"63",2004-03-01,"NVDA",0.00775029749744598,0.0246533049043757,2,NA,NA
"64",2004-04-01,"NVDA",-0.0116209911816673,0.0252140830977395,2,NA,NA
"65",2004-05-01,"NVDA",0.0069506688724285,0.0233352520320314,1,NA,NA
"66",2004-06-01,"NVDA",-0.00621891365844165,0.0220012052951323,3,NA,NA
"67",2004-07-01,"NVDA",-0.0129034639697441,0.0322493722929811,2,NA,NA
"68",2004-08-01,"NVDA",-0.00526309615011796,0.0858716263282782,4,NA,NA
"69",2004-09-01,"NVDA",0.0079126569573684,0.0357640259149682,4,NA,NA
"70",2004-10-01,"NVDA",0.000320417862838648,0.032070807822311,3,NA,NA
"71",2004-11-01,"NVDA",0.0138437070633491,0.03233194363884,4,NA,NA
"72",2004-12-01,"NVDA",0.00972265596701012,0.0211048813340219,4,NA,NA
"73",2005-01-01,"NVDA",-0.00105159065590242,0.0263355376196423,2,NA,NA
"74",2005-02-01,"NVDA",0.0129756132240897,0.0341472462753774,5,NA,NA
"75",2005-03-01,"NVDA",-0.00881299834930933,0.0198793368952014,2,NA,NA
"76",2005-04-01,"NVDA",-0.00352938663159694,0.0242947149536065,3,NA,NA
"77",2005-05-01,"NVDA",0.0105151476144157,0.0290088114144882,6,NA,NA
"78",2005-06-01,"NVDA",-0.000414962474188173,0.0217091586019963,6,NA,NA
"79",2005-07-01,"NVDA",0.000796733011434765,0.0185178024030721,5,NA,NA
"80",2005-08-01,"NVDA",0.00565172761661329,0.0194457271797813,7,NA,NA
"81",2005-09-01,"NVDA",0.00540760491594125,0.015236219293578,5,NA,NA
"82",2005-10-01,"NVDA",-0.000839415882368462,0.0197385265518592,6,NA,NA
"83",2005-11-01,"NVDA",0.0039324903902527,0.0279340580159395,10,NA,NA
"84",2005-12-01,"NVDA",0.000625750614491257,0.0136422114187775,8,NA,NA
"85",2006-01-01,"NVDA",0.0106337274979512,0.0225937702653656,9,NA,NA
"86",2006-02-01,"NVDA",0.00272769797484922,0.0227685055419081,11,NA,NA
"87",2006-03-01,"NVDA",0.00874739187606595,0.0228235166386754,15,NA,NA
"88",2006-04-01,"NVDA",0.00130460685353178,0.0221210118335402,14,NA,NA
"89",2006-05-01,"NVDA",-0.0104741590466686,0.0282694945926044,14,NA,NA
"90",2006-06-01,"NVDA",-0.00284136975244095,0.0364735517951953,9,NA,NA
"91",2006-07-01,"NVDA",0.0030329259643349,0.0480213180135168,13,NA,NA
"92",2006-08-01,"NVDA",0.0126038168505904,0.0369044091772965,15,NA,NA
"93",2006-09-01,"NVDA",0.0011451432665945,0.0261769342915692,14,NA,NA
"94",2006-10-01,"NVDA",0.0081041379271718,0.036271680493973,13,NA,NA
"95",2006-11-01,"NVDA",0.00317010178789679,0.0270141221491453,16,NA,NA
"96",2006-12-01,"NVDA",0.000191500490880885,0.0186047454060673,10,NA,NA
"97",2007-01-01,"NVDA",-0.00893123522798796,0.0305174550505246,11,NA,NA
"98",2007-02-01,"NVDA",0.000864601738043832,0.0236798693871584,10,NA,NA
"99",2007-03-01,"NVDA",-0.00303760514921683,0.0266664061340631,9,NA,NA
"100",2007-04-01,"NVDA",0.00694448366193344,0.0231935398281768,10,NA,NA
"101",2007-05-01,"NVDA",0.00258150971407248,0.0218205105357285,12,NA,NA
"102",2007-06-01,"NVDA",0.00873062642359604,0.0256535937665414,14,NA,NA
"103",2007-07-01,"NVDA",0.00500609270250502,0.0161061050249745,12,NA,NA
"104",2007-08-01,"NVDA",0.0054807146702604,0.0359621864802953,16,NA,NA
"105",2007-09-01,"NVDA",0.00357788381218599,0.0286201235266467,15,NA,NA
"106",2007-10-01,"NVDA",-0.000392477509047341,0.0367440998377486,15,NA,NA
"107",2007-11-01,"NVDA",-0.00446407849937067,0.0454643970924524,18,NA,NA
"108",2007-12-01,"NVDA",0.00407469172529789,0.024372475692687,11,NA,NA
"109",2008-01-01,"NVDA",-0.0139183050035973,0.0541305835003868,16,NA,NA
"110",2008-02-01,"NVDA",-0.00566683591735734,0.050574267364887,16,NA,NA
"111",2008-03-01,"NVDA",-0.00292089539355633,0.0449664552351513,14,NA,NA
"112",2008-04-01,"NVDA",0.00227382006245345,0.034142985257283,15,NA,NA
"113",2008-05-01,"NVDA",0.00924078650532345,0.0307717405412366,19,NA,NA
"114",2008-06-01,"NVDA",-0.0128176888766875,0.0247536697310724,16,NA,NA
"115",2008-07-01,"NVDA",-0.0193669280465806,0.0686942113528567,26,NA,NA
"116",2008-08-01,"NVDA",0.00545732985290869,0.0387381385994703,20,NA,NA
"117",2008-09-01,"NVDA",-0.00652777788746592,0.0521737404855302,16,NA,NA
"118",2008-10-01,"NVDA",-0.00584810345882552,0.0780723394850188,17,NA,NA
"119",2008-11-01,"NVDA",-0.00586091299158653,0.0730236884132538,13,NA,NA
"120",2008-12-01,"NVDA",0.00501793810743806,0.0560507343179128,8,NA,NA
"121",2009-01-01,"NVDA",0.000467401938438204,0.0503706030133349,10,NA,NA
"122",2009-02-01,"NVDA",0.00354852678096189,0.0538490440906052,10,NA,NA
"123",2009-03-01,"NVDA",0.00909850874243411,0.0486865940920686,10,NA,NA
"124",2009-04-01,"NVDA",0.00785747983341599,0.0352204102490824,10,NA,NA
"125",2009-05-01,"NVDA",-0.00360500533659507,0.0487963779497293,11,NA,NA
"126",2009-06-01,"NVDA",0.00402805801340531,0.0297585023590265,9,NA,NA
"127",2009-07-01,"NVDA",0.00652478294601565,0.026787148866855,9,NA,NA
"128",2009-08-01,"NVDA",0.00592553753881531,0.0285866809088369,9,NA,NA
"129",2009-09-01,"NVDA",0.00192652254624086,0.0242994152324025,8,NA,NA
"130",2009-10-01,"NVDA",-0.00999248872105761,0.0264907968583724,9,NA,NA
"131",2009-11-01,"NVDA",0.00467243869379584,0.0237397934933732,7,NA,NA
"132",2009-12-01,"NVDA",0.0169927046895836,0.0359899487581446,11,NA,NA
"133",2010-01-01,"NVDA",-0.00992070372674154,0.0216638910167426,8,NA,NA
"134",2010-02-01,"NVDA",0.00318761588960527,0.0319492872918635,6,NA,NA
"135",2010-03-01,"NVDA",0.00332301519532012,0.0210545176591441,6,NA,NA
"136",2010-04-01,"NVDA",-0.00459870700015925,0.0229332531937261,7,NA,NA
"137",2010-05-01,"NVDA",-0.0082175646549882,0.0370902429543407,9,NA,NA
"138",2010-06-01,"NVDA",-0.0109361510134531,0.0311883066811449,8,NA,NA
"139",2010-07-01,"NVDA",-0.00439013088691025,0.0353104425106227,10,NA,NA
"140",2010-08-01,"NVDA",0.00107699791921617,0.0294996188553655,11,NA,NA
"141",2010-09-01,"NVDA",0.0110514874277075,0.0237395435082658,9,NA,NA
"142",2010-10-01,"NVDA",0.00159475094498235,0.0222412428216901,8,NA,NA
"143",2010-11-01,"NVDA",0.00611015322632379,0.019658395660924,9,NA,NA
"144",2010-12-01,"NVDA",0.0058071509729655,0.0190508580156813,8,NA,NA
"145",2011-01-01,"NVDA",0.0235812783516726,0.0544041600858033,18,NA,NA
"146",2011-02-01,"NVDA",-0.00199567767370954,0.0423368733870907,16,NA,NA
"147",2011-03-01,"NVDA",-0.00840956634920549,0.0312201022800423,14,NA,NA
"148",2011-04-01,"NVDA",0.00425744356794953,0.0226378663977441,10,NA,NA
"149",2011-05-01,"NVDA",0.00064305194563046,0.0332278264612006,11,NA,NA
"150",2011-06-01,"NVDA",-0.0101822523447682,0.0194904724428595,8,NA,NA
"151",2011-07-01,"NVDA",-0.0068213243726703,0.0223896386720777,8,NA,NA
"152",2011-08-01,"NVDA",-0.000293135169889696,0.0537368956347265,12,NA,NA
"153",2011-09-01,"NVDA",-0.00243329274361364,0.032994159770348,10,NA,NA
"154",2011-10-01,"NVDA",0.00883456120023103,0.0410239637918462,9,NA,NA
"155",2011-11-01,"NVDA",0.00318733353208362,0.0351455229867891,9,NA,NA
"156",2011-12-01,"NVDA",-0.00544067078983732,0.0237666368324539,6,NA,NA
"157",2012-01-01,"NVDA",0.00334465419293634,0.0184251907118211,6,NA,NA
"158",2012-02-01,"NVDA",0.00143670988729054,0.0187062642013667,9,NA,NA
"159",2012-03-01,"NVDA",0.000823256476464459,0.0139563020333399,7,NA,NA
"160",2012-04-01,"NVDA",-0.00830063635496221,0.0157480663380775,6,NA,NA
"161",2012-05-01,"NVDA",-0.00175373162401713,0.0244195950530035,8,NA,NA
"162",2012-06-01,"NVDA",0.00548234267103864,0.0297965344434382,8,NA,NA
"163",2012-07-01,"NVDA",-0.000744673220494557,0.0220519974661048,6,NA,NA
"164",2012-08-01,"NVDA",0.00165166433186631,0.0148406217511152,8,NA,NA
"165",2012-09-01,"NVDA",-0.0024754177239999,0.0190953885289243,6,NA,NA
"166",2012-10-01,"NVDA",-0.00490026439310173,0.0217931351980205,6,NA,NA
"167",2012-11-01,"NVDA",0.000541533507205806,0.0230532235577177,8,NA,NA
"168",2012-12-01,"NVDA",0.00129768913559207,0.0145718417197478,6,NA,NA
"169",2013-01-01,"NVDA",0.000143960440306108,0.0174213568975571,7,NA,NA
"170",2013-02-01,"NVDA",0.00210375654168245,0.014106943763525,8,NA,NA
"171",2013-03-01,"NVDA",0.000699844122658958,0.00829636565026961,7,NA,NA
"172",2013-04-01,"NVDA",0.00335665354456959,0.0169815586200672,7,NA,NA
"173",2013-05-01,"NVDA",0.00261648119790258,0.0166414976685342,9,NA,NA
"174",2013-06-01,"NVDA",-0.00140781698018904,0.0144724722389839,6,NA,NA
"175",2013-07-01,"NVDA",0.00129238117481599,0.00798048397516543,5,NA,NA
"176",2013-08-01,"NVDA",0.0012800764002948,0.0122429966450841,7,NA,NA
"177",2013-09-01,"NVDA",0.00271036778124605,0.00845886169157173,7,NA,NA
"178",2013-10-01,"NVDA",-0.00100989904786752,0.00900483395984304,6,NA,NA
"179",2013-11-01,"NVDA",0.00182966586639427,0.0216887231173243,6,NA,NA
"180",2013-12-01,"NVDA",0.00133861710544089,0.0123593935565615,5,NA,NA
"181",2014-01-01,"NVDA",-0.00083769437635419,0.0160134549398914,6,NA,NA
"182",2014-02-01,"NVDA",0.00869512292575196,0.0163826133554822,9,NA,NA
"183",2014-03-01,"NVDA",-0.0011529502355457,0.0129124120830406,7,NA,NA
"184",2014-04-01,"NVDA",0.00161702839861489,0.0177693639459004,6,NA,NA
"185",2014-05-01,"NVDA",0.00167046155623596,0.0145684534621248,6,NA,NA
"186",2014-06-01,"NVDA",-0.00112528509869178,0.00926540344304129,5,NA,NA
"187",2014-07-01,"NVDA",-0.00249471329357043,0.0161606806872921,6,NA,NA
"188",2014-08-01,"NVDA",0.00544971707563307,0.0207956012205641,6,NA,NA
"189",2014-09-01,"NVDA",-0.00245115274404667,0.0111378203977358,6,NA,NA
"190",2014-10-01,"NVDA",0.00273696107492611,0.0222690029467064,5,NA,NA
"191",2014-11-01,"NVDA",0.00401025351486862,0.0114559098209277,6,NA,NA
"192",2014-12-01,"NVDA",-0.0019169765222377,0.015918535155409,4,NA,NA
"193",2015-01-01,"NVDA",-0.00195718458173146,0.0201155922916351,5,NA,NA
"194",2015-02-01,"NVDA",0.00769303110744013,0.0192639270472221,7,NA,NA
"195",2015-03-01,"NVDA",-0.00219464944129922,0.0204697293169022,7,NA,NA
"196",2015-04-01,"NVDA",0.00286516510201857,0.0108255341193616,6,NA,NA
"197",2015-05-01,"NVDA",0.000358828964552964,0.0238283333030796,6,NA,NA
"198",2015-06-01,"NVDA",-0.00422551007940627,0.0155265937881885,6,NA,NA
"199",2015-07-01,"NVDA",-0.000282467121323735,0.0130019582239297,5,NA,NA
"200",2015-08-01,"NVDA",0.00652846993151312,0.0370945810217271,7,NA,NA
"201",2015-09-01,"NVDA",0.00458633729063659,0.0209031413073101,6,NA,NA
"202",2015-10-01,"NVDA",0.00656744924496403,0.0171300329507598,9,NA,NA
"203",2015-11-01,"NVDA",0.00628132409542417,0.0335951336918149,9,NA,NA
"204",2015-12-01,"NVDA",0.00187858484866723,0.0168197431666368,8,NA,NA
"205",2016-01-01,"NVDA",-0.0058929952237888,0.0250939345395309,7,NA,NA
"206",2016-02-01,"NVDA",0.00409994551470191,0.032437445437104,9,NA,NA
"207",2016-03-01,"NVDA",0.00592412503311486,0.0149234970539957,9,NA,NA
"208",2016-04-01,"NVDA",-5.42118763670198e-05,0.0129181515561312,9,NA,NA
"209",2016-05-01,"NVDA",0.0137647581112455,0.0343770515488033,17,NA,NA
"210",2016-06-01,"NVDA",0.000446165129874185,0.0184400132990857,14,NA,NA
"211",2016-07-01,"NVDA",0.00986971304684771,0.0145796744662132,18,NA,NA
"212",2016-08-01,"NVDA",0.00331752725498413,0.0158975023248709,26,NA,NA
"213",2016-09-01,"NVDA",0.00547674369272952,0.0200243650547029,20,NA,NA
"214",2016-10-01,"NVDA",0.00190477606238957,0.0147966414173993,21,NA,NA
"215",2016-11-01,"NVDA",0.0144860025644198,0.0698533075766278,39,NA,NA
"216",2016-12-01,"NVDA",0.00754590467130192,0.0338491722028653,52,NA,NA
"217",2017-01-01,"NVDA",0.00134082947882914,0.0210076172166959,47,NA,NA
"218",2017-02-01,"NVDA",-0.00329479670520693,0.0314302387646491,71,NA,NA
"219",2017-03-01,"NVDA",0.00321646419849974,0.0165546582526694,50,NA,NA
"220",2017-04-01,"NVDA",-0.00204678477476974,0.0221097830149214,41,NA,NA
"221",2017-05-01,"NVDA",0.0158057178792315,0.0443430639573712,80,NA,NA
"222",2017-06-01,"NVDA",0.000455743047691514,0.0286208588993579,96,NA,NA
"223",2017-07-01,"NVDA",0.00609504952899555,0.0218466153108955,75,NA,NA
"224",2017-08-01,"NVDA",0.00217560193369081,0.0260401611014953,96,NA,NA
"225",2017-09-01,"NVDA",0.00296680384653915,0.0245382951466191,71,NA,NA
"226",2017-10-01,"NVDA",0.00671049720487527,0.0117608547860936,73,NA,NA
"227",2017-11-01,"NVDA",0.0034156000922846,0.00800983693180032,100,3161,319374
"228",1983-03-01,"AMD",-0.00846216345678694,0.0334422383962695,NA,NA,NA
"229",1983-04-01,"AMD",0.00681377758354572,0.0324631641430986,NA,NA,NA
"230",1983-05-01,"AMD",0.0122076868266696,0.0333311253694962,NA,NA,NA
"231",1983-06-01,"AMD",0.0135612806224672,0.0332601796844859,NA,NA,NA
"232",1983-07-01,"AMD",-0.00336137480342284,0.0375934178701659,NA,NA,NA
"233",1983-08-01,"AMD",0.0033772186373051,0.0338354369919731,NA,NA,NA
"234",1983-09-01,"AMD",-0.00376778227396466,0.0335733971851414,NA,NA,NA
"235",1983-10-01,"AMD",0.0021549183764948,0.0333344763321981,NA,NA,NA
"236",1983-11-01,"AMD",0.00664765480546424,0.0378767238082705,NA,NA,NA
"237",1983-12-01,"AMD",-0.000387995088828519,0.0166806708217321,NA,NA,NA
"238",1984-01-01,"AMD",-0.0070981078410179,0.0265962625379553,NA,NA,NA
"239",1984-02-01,"AMD",-0.000144028643344135,0.0395188786627718,NA,NA,NA
"240",1984-03-01,"AMD",0.000755268351062987,0.0273201418551155,NA,NA,NA
"241",1984-04-01,"AMD",0.00978836281479313,0.0279152761579098,NA,NA,NA
"242",1984-05-01,"AMD",-0.00360013572456525,0.0201888437510391,NA,NA,NA
"243",1984-06-01,"AMD",-0.000875085547866552,0.0307210901147188,NA,NA,NA
"244",1984-07-01,"AMD",-0.00221806308841387,0.0341853506131733,NA,NA,NA
"245",1984-08-01,"AMD",0.0140146064229573,0.0367067180520617,NA,NA,NA
"246",1984-09-01,"AMD",-0.006307477215403,0.0230364786774448,NA,NA,NA
"247",1984-10-01,"AMD",-0.00293134944521866,0.036867124676678,NA,NA,NA
"248",1984-11-01,"AMD",-0.00652791029810194,0.0221637972527226,NA,NA,NA
"249",1984-12-01,"AMD",0.00347591768490266,0.0297110284477324,NA,NA,NA
"250",1985-01-01,"AMD",0.00837947821214421,0.0293402833705844,NA,NA,NA
"251",1985-02-01,"AMD",-0.00263327123833828,0.0233302989470776,NA,NA,NA
"252",1985-03-01,"AMD",0.000474341295017067,0.0247058468200326,NA,NA,NA
"253",1985-04-01,"AMD",-0.00826952257754399,0.02421707142506,NA,NA,NA
"254",1985-05-01,"AMD",-0.00188010819317318,0.0291349284196952,NA,NA,NA
"255",1985-06-01,"AMD",-0.000400829327364755,0.0340814147568383,NA,NA,NA
"256",1985-07-01,"AMD",0.0065789363922725,0.0304674398263613,NA,NA,NA
"257",1985-08-01,"AMD",-0.00500663826494639,0.0222717509288259,NA,NA,NA
"258",1985-09-01,"AMD",-0.000178408681880053,0.0258413430570633,NA,NA,NA
"259",1985-10-01,"AMD",-0.00470256484996753,0.0264345104197436,NA,NA,NA
"260",1985-11-01,"AMD",0.00915577493688114,0.025763940858166,NA,NA,NA
"261",1985-12-01,"AMD",0.00207178636651435,0.0193812021154136,NA,NA,NA
"262",1986-01-01,"AMD",-0.00226170905398993,0.0274373291457887,NA,NA,NA
"263",1986-02-01,"AMD",0.00695468187858502,0.01921951891725,NA,NA,NA
"264",1986-03-01,"AMD",-0.00385121623193765,0.0337587917883735,NA,NA,NA
"265",1986-04-01,"AMD",-1.66297129191816e-06,0.0207845805651419,NA,NA,NA
"266",1986-05-01,"AMD",-0.00273828383307901,0.0246182455744664,NA,NA,NA
"267",1986-06-01,"AMD",-0.0131549367649123,0.0276952880274415,NA,NA,NA
"268",1986-07-01,"AMD",-0.00991846807788528,0.0432445643553132,NA,NA,NA
"269",1986-08-01,"AMD",0.0102917687138532,0.028829654786132,NA,NA,NA
"270",1986-09-01,"AMD",-0.00951289136631056,0.0245581614100207,NA,NA,NA
"271",1986-10-01,"AMD",-0.00544883223121322,0.0302546863600053,NA,NA,NA
"272",1986-11-01,"AMD",0.00720998154254526,0.0308528285770321,NA,NA,NA
"273",1986-12-01,"AMD",-0.00552642454297338,0.0244603568150428,NA,NA,NA
"274",1987-01-01,"AMD",0.0122272580180293,0.0382429049708155,NA,NA,NA
"275",1987-02-01,"AMD",0.0126281910066762,0.0494061799802572,NA,NA,NA
"276",1987-03-01,"AMD",-0.00382704524675694,0.0238737397592993,NA,NA,NA
"277",1987-04-01,"AMD",0.00555309525656879,0.0302113703464878,NA,NA,NA
"278",1987-05-01,"AMD",-0.00091990402705635,0.0216747772843632,NA,NA,NA
"279",1987-06-01,"AMD",-0.00565430480419984,0.0204015911680088,NA,NA,NA
"280",1987-07-01,"AMD",-0.00200382450311124,0.0176663350380123,NA,NA,NA
"281",1987-08-01,"AMD",0.00971170154004512,0.0302049331137374,NA,NA,NA
"282",1987-09-01,"AMD",0.000346703304318371,0.027141654853461,NA,NA,NA
"283",1987-10-01,"AMD",-0.023421377498348,0.0998329830925749,NA,NA,NA
"284",1987-11-01,"AMD",-0.0101524141912661,0.0374437092040947,NA,NA,NA
"285",1987-12-01,"AMD",0.00367995687937832,0.0377805145918502,NA,NA,NA
"286",1988-01-01,"AMD",-0.00060972043988535,0.0375067165666631,NA,NA,NA
"287",1988-02-01,"AMD",0.0115073308260578,0.0313704825789231,NA,NA,NA
"288",1988-03-01,"AMD",-0.00338512474507934,0.0285901824124938,NA,NA,NA
"289",1988-04-01,"AMD",0.0139246247753986,0.0304654326837475,NA,NA,NA
"290",1988-05-01,"AMD",0.00235312131016091,0.0268533053117027,NA,NA,NA
"291",1988-06-01,"AMD",0.00466529364732183,0.026128687453676,NA,NA,NA
"292",1988-07-01,"AMD",-0.0100204203412258,0.0288138928070805,NA,NA,NA
"293",1988-08-01,"AMD",-0.0067754466102694,0.0223862836166404,NA,NA,NA
"294",1988-09-01,"AMD",-0.00895838506664143,0.0415644998422193,NA,NA,NA
"295",1988-10-01,"AMD",-0.000681188754529619,0.0364103819051355,NA,NA,NA
"296",1988-11-01,"AMD",-0.008355377636394,0.0245793488602275,NA,NA,NA
"297",1988-12-01,"AMD",0.00738583069710929,0.0381428429955178,NA,NA,NA
"298",1989-01-01,"AMD",0.00289386331639562,0.0208228773505806,NA,NA,NA
"299",1989-02-01,"AMD",-0.00507272235119268,0.0228775629244951,NA,NA,NA
"300",1989-03-01,"AMD",0.00157097473096382,0.0211862261281221,NA,NA,NA
"301",1989-04-01,"AMD",0.00245550269777375,0.0239020363840279,NA,NA,NA
"302",1989-05-01,"AMD",0.00745022319928846,0.0266352978768532,NA,NA,NA
"303",1989-06-01,"AMD",-0.00267118733289436,0.0189299103577703,NA,NA,NA
"304",1989-07-01,"AMD",-0.00593447283516875,0.0174953847991548,NA,NA,NA
"305",1989-08-01,"AMD",0.000193698746581739,0.0202123848394166,NA,NA,NA
"306",1989-09-01,"AMD",0.0016357741026837,0.0210565678010104,NA,NA,NA
"307",1989-10-01,"AMD",-0.00523469183803282,0.0193629555372059,NA,NA,NA
"308",1989-11-01,"AMD",-0.00221403296684467,0.0169306345789229,NA,NA,NA
"309",1989-12-01,"AMD",0.0026217265199109,0.017637264419306,NA,NA,NA
"310",1990-01-01,"AMD",-0.00336773951715136,0.0297385881860534,NA,NA,NA
"311",1990-02-01,"AMD",0.00729167762712674,0.0316012757965695,NA,NA,NA
"312",1990-03-01,"AMD",0.00502728719360691,0.0302107777926411,NA,NA,NA
"313",1990-04-01,"AMD",-0.0018894441627272,0.0208402754594357,NA,NA,NA
"314",1990-05-01,"AMD",0.00863336299590041,0.0256845306921927,NA,NA,NA
"315",1990-06-01,"AMD",-0.00447624001294081,0.0239303198965106,NA,NA,NA
"316",1990-07-01,"AMD",-0.0132892647578096,0.0464372962295815,NA,NA,NA
"317",1990-08-01,"AMD",-0.0107339067232887,0.0375900921659785,NA,NA,NA
"318",1990-09-01,"AMD",-0.00207961525106047,0.0300841425202152,NA,NA,NA
"319",1990-10-01,"AMD",-0.0108715244421599,0.0496916954608663,NA,NA,NA
"320",1990-11-01,"AMD",0.00720012321118348,0.0556827186466655,NA,NA,NA
"321",1990-12-01,"AMD",0.00610272128840965,0.0381869447585805,NA,NA,NA
"322",1991-01-01,"AMD",0.0189856469253128,0.0407960136057909,NA,NA,NA
"323",1991-02-01,"AMD",0.00665848951891516,0.0372071801058724,NA,NA,NA
"324",1991-03-01,"AMD",0.0138317243174172,0.0454539907651808,NA,NA,NA
"325",1991-04-01,"AMD",0.00769509170050721,0.0374751491765856,NA,NA,NA
"326",1991-05-01,"AMD",0.004969603377447,0.0339679370016655,NA,NA,NA
"327",1991-06-01,"AMD",-0.00556130054597104,0.0254294819983525,NA,NA,NA
"328",1991-07-01,"AMD",-0.00261680182690712,0.040259718205579,NA,NA,NA
"329",1991-08-01,"AMD",0.00518794474011882,0.0265316903855831,NA,NA,NA
"330",1991-09-01,"AMD",-0.0133463250818143,0.0308439373982126,NA,NA,NA
"331",1991-10-01,"AMD",0.014444319323828,0.04613343941724,NA,NA,NA
"332",1991-11-01,"AMD",0.0066299534491913,0.0353410271810534,NA,NA,NA
"333",1991-12-01,"AMD",0.0099078589334948,0.0335323854747642,NA,NA,NA
"334",1992-01-01,"AMD",0.00421126856817164,0.0394241052843166,NA,NA,NA
"335",1992-02-01,"AMD",-0.000977696214643831,0.0302303846895951,NA,NA,NA
"336",1992-03-01,"AMD",-0.00107470667830736,0.0324944943248772,NA,NA,NA
"337",1992-04-01,"AMD",0.0010678251137033,0.0390608881313806,NA,NA,NA
"338",1992-05-01,"AMD",-0.00553982961251409,0.0400827597774831,NA,NA,NA
"339",1992-06-01,"AMD",-0.0218104150198306,0.0856244039289839,NA,NA,NA
"340",1992-07-01,"AMD",0.00125496920122309,0.0347204866813675,NA,NA,NA
"341",1992-08-01,"AMD",0.006788896911485,0.0318654905930652,NA,NA,NA
"342",1992-09-01,"AMD",0.00541082811646122,0.0295782138095915,NA,NA,NA
"343",1992-10-01,"AMD",0.0180657138308961,0.0328286361224796,NA,NA,NA
"344",1992-11-01,"AMD",0.00445736840523083,0.0306829417506558,NA,NA,NA
"345",1992-12-01,"AMD",0.00121312462844899,0.0347231701177483,NA,NA,NA
"346",1993-01-01,"AMD",0.00206293863017325,0.0285653476791954,NA,NA,NA
"347",1993-02-01,"AMD",0.00837429105156018,0.0334586991885694,NA,NA,NA
"348",1993-03-01,"AMD",0.00263171045508001,0.0205163302921803,NA,NA,NA
"349",1993-04-01,"AMD",0.010845827916033,0.0515835008849937,NA,NA,NA
"350",1993-05-01,"AMD",0.00111393391442554,0.0221755463810012,NA,NA,NA
"351",1993-06-01,"AMD",-0.00702214295246953,0.0438440005666041,NA,NA,NA
"352",1993-07-01,"AMD",3.47678952980284e-05,0.0239644017095898,NA,NA,NA
"353",1993-08-01,"AMD",0.0141938228373902,0.0232276734861647,NA,NA,NA
"354",1993-09-01,"AMD",-0.00923265679971359,0.0314252571810251,NA,NA,NA
"355",1993-10-01,"AMD",-0.0126670172791374,0.0442820562598531,NA,NA,NA
"356",1993-11-01,"AMD",-0.0015859573533296,0.0231536097769734,NA,NA,NA
"357",1993-12-01,"AMD",-0.00291327744094047,0.0191335067647575,NA,NA,NA
"358",1994-01-01,"AMD",0.00713725379550402,0.0233119445835244,NA,NA,NA
"359",1994-02-01,"AMD",0.00275193832825251,0.0229507414404638,NA,NA,NA
"360",1994-03-01,"AMD",0.0180780915920371,0.0630722868411397,NA,NA,NA
"361",1994-04-01,"AMD",-0.00841753859516732,0.0311467054452294,NA,NA,NA
"362",1994-05-01,"AMD",0.00141831028046159,0.0256502629904078,NA,NA,NA
"363",1994-06-01,"AMD",-0.00302022758416264,0.0315188247416658,NA,NA,NA
"364",1994-07-01,"AMD",0.00417467759052157,0.0261215395959389,NA,NA,NA
"365",1994-08-01,"AMD",0.00318135009464133,0.0120829646523669,NA,NA,NA
"366",1994-09-01,"AMD",0.00139931358614914,0.0195078747304942,NA,NA,NA
"367",1994-10-01,"AMD",-0.00484614022938645,0.0362506966538299,NA,NA,NA
"368",1994-11-01,"AMD",-0.00168364627255702,0.0174469614403959,NA,NA,NA
"369",1994-12-01,"AMD",-0.00096645829965021,0.0208190464249929,NA,NA,NA
"370",1995-01-01,"AMD",0.00849743645478162,0.0347849334465801,NA,NA,NA
"371",1995-02-01,"AMD",0.00169753985748891,0.0183595678918136,NA,NA,NA
"372",1995-03-01,"AMD",0.00527374904085277,0.0268810538105533,NA,NA,NA
"373",1995-04-01,"AMD",0.00366490037833176,0.0304118453483601,NA,NA,NA
"374",1995-05-01,"AMD",-0.00380971277951781,0.0169652711476601,NA,NA,NA
"375",1995-06-01,"AMD",0.00494504744883178,0.027328723694531,NA,NA,NA
"376",1995-07-01,"AMD",-0.00539350232846603,0.0202879583516324,NA,NA,NA
"377",1995-08-01,"AMD",0.00161548979905157,0.0175407293496404,NA,NA,NA
"378",1995-09-01,"AMD",-0.00706432851138183,0.0236232123160437,NA,NA,NA
"379",1995-10-01,"AMD",-0.00921225537762891,0.0326262711525281,NA,NA,NA
"380",1995-11-01,"AMD",-0.00609372719571055,0.0285643412861092,NA,NA,NA
"381",1995-12-01,"AMD",-0.0104550175610623,0.0266309109201876,NA,NA,NA
"382",1996-01-01,"AMD",0.00971068864225281,0.0443351705130914,NA,NA,NA
"383",1996-02-01,"AMD",-0.00131347351981833,0.0240663519931855,NA,NA,NA
"384",1996-03-01,"AMD",-0.00389291684724712,0.0238029791481556,NA,NA,NA
"385",1996-04-01,"AMD",0.00115248816409931,0.018264753400596,NA,NA,NA
"386",1996-05-01,"AMD",-0.00104662138526868,0.0216823573995991,NA,NA,NA
"387",1996-06-01,"AMD",-0.013766538324265,0.0282607175438721,NA,NA,NA
"388",1996-07-01,"AMD",-0.0030824544337988,0.0449704541995237,NA,NA,NA
"389",1996-08-01,"AMD",0.000983770828398804,0.0332139387084903,NA,NA,NA
"390",1996-09-01,"AMD",0.00977883585265871,0.031000139241606,NA,NA,NA
"391",1996-10-01,"AMD",0.0088883916078306,0.0331353532655443,NA,NA,NA
"392",1996-11-01,"AMD",0.0160976370703804,0.0404279110638312,NA,NA,NA
"393",1996-12-01,"AMD",0.00352389945332471,0.0376462255581382,NA,NA,NA
"394",1997-01-01,"AMD",0.0149886865330561,0.0407061843621226,NA,NA,NA
"395",1997-02-01,"AMD",0.00177214652610924,0.0320566083555509,NA,NA,NA
"396",1997-03-01,"AMD",0.00822325173738101,0.0481325736223043,NA,NA,NA
"397",1997-04-01,"AMD",0.0019780373398377,0.0438595053082434,NA,NA,NA
"398",1997-05-01,"AMD",-0.00244349769169633,0.0302196370519955,NA,NA,NA
"399",1997-06-01,"AMD",-0.00482599682364354,0.0266172605724814,NA,NA,NA
"400",1997-07-01,"AMD",-0.000573605572671436,0.0284012589282064,NA,NA,NA
"401",1997-08-01,"AMD",0.00396485023263731,0.0388924931184295,NA,NA,NA
"402",1997-09-01,"AMD",-0.00620892827031286,0.0338836845715666,NA,NA,NA
"403",1997-10-01,"AMD",-0.0120679166013674,0.0782876640039671,NA,NA,NA
"404",1997-11-01,"AMD",-0.00164967074208122,0.04904690492709,NA,NA,NA
"405",1997-12-01,"AMD",-0.00886654839653274,0.0306756720192019,NA,NA,NA
"406",1998-01-01,"AMD",0.00797838078084395,0.0574843682504151,NA,NA,NA
"407",1998-02-01,"AMD",0.00895964621208816,0.0456306898495189,NA,NA,NA
"408",1998-03-01,"AMD",0.0109337145495074,0.0506856669212428,NA,NA,NA
"409",1998-04-01,"AMD",-0.00141384272750906,0.0402427157582382,NA,NA,NA
"410",1998-05-01,"AMD",-0.0168034577678679,0.0325950209991827,NA,NA,NA
"411",1998-06-01,"AMD",-0.00584857746800155,0.0269964175717651,NA,NA,NA
"412",1998-07-01,"AMD",0.00168524360782451,0.0495432650846764,NA,NA,NA
"413",1998-08-01,"AMD",-0.0120031903028373,0.0528437667660948,NA,NA,NA
"414",1998-09-01,"AMD",0.0181912989414938,0.0485886315202205,NA,NA,NA
"415",1998-10-01,"AMD",0.0115353218462754,0.0720830269162475,NA,NA,NA
"416",1998-11-01,"AMD",0.0112164661960513,0.0447961286420882,NA,NA,NA
"417",1998-12-01,"AMD",0.00262908388033625,0.0332643249612335,NA,NA,NA
"418",1999-01-01,"AMD",-0.0100539066430721,0.0667286108245465,NA,NA,NA
"419",1999-02-01,"AMD",-0.0113687520068454,0.0583074545478276,NA,NA,NA
"420",1999-03-01,"AMD",-0.00589488790458735,0.0247078496146732,NA,NA,NA
"421",1999-04-01,"AMD",0.00344880676173523,0.0319283308317005,NA,NA,NA
"422",1999-05-01,"AMD",0.00666954981454316,0.0445962874721596,NA,NA,NA
"423",1999-06-01,"AMD",-0.00062147696258509,0.0315354351065307,NA,NA,NA
"424",1999-07-01,"AMD",-0.00152168706360424,0.0253539472691681,NA,NA,NA
"425",1999-08-01,"AMD",0.00861627440957295,0.0378176616546737,NA,NA,NA
"426",1999-09-01,"AMD",-0.00777777178210673,0.0461349941483197,NA,NA,NA
"427",1999-10-01,"AMD",0.0074347721876156,0.0375970358532003,NA,NA,NA
"428",1999-11-01,"AMD",0.0188705108091047,0.0643543882202011,NA,NA,NA
"429",1999-12-01,"AMD",0.00179596484373953,0.0387887420051856,NA,NA,NA
"430",2000-01-01,"AMD",0.012791149073704,0.0626525573891539,NA,NA,NA
"431",2000-02-01,"AMD",0.00542649982198433,0.0406500812184541,NA,NA,NA
"432",2000-03-01,"AMD",0.0194342122968688,0.0629857987508289,NA,NA,NA
"433",2000-04-01,"AMD",0.0226099764058,0.0594030141186326,NA,NA,NA
"434",2000-05-01,"AMD",-0.00182202322085208,0.053994345441958,NA,NA,NA
"435",2000-06-01,"AMD",-0.00169592968550801,0.0416349257129722,NA,NA,NA
"436",2000-07-01,"AMD",-0.00238071126199178,0.0484236540244469,NA,NA,NA
"437",2000-08-01,"AMD",0.00239366479331428,0.0434532145289884,NA,NA,NA
"438",2000-09-01,"AMD",-0.0194532034729746,0.0686209346449135,NA,NA,NA
"439",2000-10-01,"AMD",-0.000629883235061727,0.0669851531000171,NA,NA,NA
"440",2000-11-01,"AMD",-0.017554300840459,0.0468484176493565,NA,NA,NA
"441",2000-12-01,"AMD",-0.00392114753936614,0.0467498562117046,NA,NA,NA
"442",2001-01-01,"AMD",0.0296622706221834,0.0637935419116393,NA,NA,NA
"443",2001-02-01,"AMD",-0.0060898096928933,0.0448535255646307,NA,NA,NA
"444",2001-03-01,"AMD",0.0111889792389138,0.0577377070776076,NA,NA,NA
"445",2001-04-01,"AMD",0.011000201492595,0.0831385318923653,NA,NA,NA
"446",2001-05-01,"AMD",-0.00337334162348158,0.0420516066074941,NA,NA,NA
"447",2001-06-01,"AMD",0.00187179318530211,0.0405787123075779,NA,NA,NA
"448",2001-07-01,"AMD",-0.0186664672454158,0.073609700083834,NA,NA,NA
"449",2001-08-01,"AMD",-0.0121965166232211,0.0376861094478528,NA,NA,NA
"450",2001-09-01,"AMD",-0.0319215719716032,0.0537018773838413,NA,NA,NA
"451",2001-10-01,"AMD",0.00923659932128354,0.0459984208333857,NA,NA,NA
"452",2001-11-01,"AMD",0.0166170083955448,0.0519012837622555,NA,NA,NA
"453",2001-12-01,"AMD",0.00919984906696077,0.0528124144882052,NA,NA,NA
"454",2002-01-01,"AMD",0.0016718353707562,0.0497946337841016,NA,NA,NA
"455",2002-02-01,"AMD",-0.00776509701966514,0.0528319724174697,NA,NA,NA
"456",2002-03-01,"AMD",0.00518717863950975,0.0434768557243414,NA,NA,NA
"457",2002-04-01,"AMD",-0.0115151334978092,0.0417817557165334,NA,NA,NA
"458",2002-05-01,"AMD",0.00150050305519302,0.0326064402629013,NA,NA,NA
"459",2002-06-01,"AMD",-0.00605521687125062,0.0647214589223684,NA,NA,NA
"460",2002-07-01,"AMD",-0.0077741233574559,0.0429312949043454,NA,NA,NA
"461",2002-08-01,"AMD",0.0055573450638443,0.0488975569801377,NA,NA,NA
"462",2002-09-01,"AMD",-0.0242042028549261,0.0390306509111961,NA,NA,NA
"463",2002-10-01,"AMD",0.0131786600454238,0.118417844455497,NA,NA,NA
"464",2002-11-01,"AMD",0.0218304595367127,0.0728080504989559,NA,NA,NA
"465",2002-12-01,"AMD",-0.0146556646293392,0.0456579327799498,NA,NA,NA
"466",2003-01-01,"AMD",-0.00865455620619597,0.0502931819683982,NA,NA,NA
"467",2003-02-01,"AMD",0.00284574295294399,0.0288827141944804,NA,NA,NA
"468",2003-03-01,"AMD",0.00647413379858361,0.0420585391523337,NA,NA,NA
"469",2003-04-01,"AMD",0.00942008763973062,0.0340041271090384,NA,NA,NA
"470",2003-05-01,"AMD",-0.000808758758866914,0.0216994272497094,NA,NA,NA
"471",2003-06-01,"AMD",-0.00551332225900139,0.0333042101522455,NA,NA,NA
"472",2003-07-01,"AMD",0.00612488732260733,0.0205879857015616,NA,NA,NA
"473",2003-08-01,"AMD",0.021593554480316,0.0368612802671166,NA,NA,NA
"474",2003-09-01,"AMD",-0.000111697499100881,0.0368089679844428,NA,NA,NA
"475",2003-10-01,"AMD",0.0139276712105369,0.0210228648251262,NA,NA,NA
"476",2003-11-01,"AMD",0.00933346562075614,0.0321393936067731,NA,NA,NA
"477",2003-12-01,"AMD",-0.00814341070845871,0.0265361284943243,NA,NA,NA
"478",2004-01-01,"AMD",0.000392156781642182,0.0330369918509876,95,NA,NA
"479",2004-02-01,"AMD",0.000863829393928016,0.0279707035583082,91,NA,NA
"480",2004-03-01,"AMD",0.00370287292977837,0.0238354621653824,84,NA,NA
"481",2004-04-01,"AMD",-0.0059833545916563,0.0247568191340315,78,NA,NA
"482",2004-05-01,"AMD",0.00475726509511994,0.0240740698043853,77,NA,NA
"483",2004-06-01,"AMD",0.00150443521507238,0.0305266611506047,83,NA,NA
"484",2004-07-01,"AMD",-0.0109433109452164,0.0319680004809814,88,NA,NA
"485",2004-08-01,"AMD",-0.00364768236116971,0.0278988741063676,99,NA,NA
"486",2004-09-01,"AMD",0.0066423729831314,0.0322997519939552,89,NA,NA
"487",2004-10-01,"AMD",0.0126137678569229,0.023858583399755,88,NA,NA
"488",2004-11-01,"AMD",0.0119250584175892,0.0381411767017966,86,NA,NA
"489",2004-12-01,"AMD",0.0019200846385403,0.0278280382159601,97,NA,NA
"490",2005-01-01,"AMD",-0.014295749388107,0.0619472554284697,88,NA,NA
"491",2005-02-01,"AMD",0.00553874965996581,0.0252260516637386,84,NA,NA
"492",2005-03-01,"AMD",-0.003369065733473,0.0219041493515354,78,NA,NA
"493",2005-04-01,"AMD",-0.00562531437730529,0.0248952048441154,72,NA,NA
"494",2005-05-01,"AMD",0.006804469826443,0.0069795783827385,74,NA,NA
"495",2005-06-01,"AMD",0.00278145501373747,0.0227645257544533,88,NA,NA
"496",2005-07-01,"AMD",0.00750420827879942,0.0173079277174873,92,NA,NA
"497",2005-08-01,"AMD",0.00160496442533977,0.0168396891870412,84,NA,NA
"498",2005-09-01,"AMD",0.00951754254437208,0.0237369144241941,76,NA,NA
"499",2005-10-01,"AMD",-0.00314331414516258,0.0387050772300843,81,NA,NA
"500",2005-11-01,"AMD",0.00589791923591891,0.0188199748391463,89,NA,NA
"501",2005-12-01,"AMD",0.00772102447248983,0.0236128808915091,94,NA,NA
"502",2006-01-01,"AMD",0.0164254372153386,0.0391276457071823,100,NA,NA
"503",2006-02-01,"AMD",-0.00379364395099975,0.0249154420053617,91,NA,NA
"504",2006-03-01,"AMD",-0.00629050844209211,0.0276750760134363,85,NA,NA
"505",2006-04-01,"AMD",-0.000788185695272711,0.032298985626199,76,NA,NA
"506",2006-05-01,"AMD",-0.00152252151647037,0.0351951385851424,77,NA,NA
"507",2006-06-01,"AMD",-0.0102970715495086,0.026228411453003,75,NA,NA
"508",2006-07-01,"AMD",-0.0104600817344746,0.0445994617285147,90,NA,NA
"509",2006-08-01,"AMD",0.0115384985450151,0.0310039918735111,83,NA,NA
"510",2006-09-01,"AMD",0.00015133448451196,0.0302118244826529,72,NA,NA
"511",2006-10-01,"AMD",-0.00628012463177982,0.0391099684398986,72,NA,NA
"512",2006-11-01,"AMD",0.000758031467825735,0.0138034602611704,78,NA,NA
"513",2006-12-01,"AMD",-0.00238797936469149,0.0339613580205229,76,NA,NA
"514",2007-01-01,"AMD",-0.0129241525356306,0.0295886600687155,71,NA,NA
"515",2007-02-01,"AMD",-0.0014135923389675,0.0224793210394609,71,NA,NA
"516",2007-03-01,"AMD",-0.00638337792582479,0.0145695747887736,64,NA,NA
"517",2007-04-01,"AMD",0.00303595345428036,0.0208079630970112,64,NA,NA
"518",2007-05-01,"AMD",0.00165493509177094,0.0204895797649313,60,NA,NA
"519",2007-06-01,"AMD",0.000337549020775262,0.0226858446952042,59,NA,NA
"520",2007-07-01,"AMD",-0.00229990802076204,0.0248417480137067,66,NA,NA
"521",2007-08-01,"AMD",-0.00139690924768086,0.0280124792946656,65,NA,NA
"522",2007-09-01,"AMD",0.000970596998571795,0.0187729320198244,63,NA,NA
"523",2007-10-01,"AMD",-0.000218193088197135,0.0191728110297824,59,NA,NA
"524",2007-11-01,"AMD",-0.0134417699553489,0.0289884866571883,69,NA,NA
"525",2007-12-01,"AMD",-0.0127820186971496,0.025053605336903,65,NA,NA
"526",2008-01-01,"AMD",0.00213343002453111,0.0578515154827893,64,NA,NA
"527",2008-02-01,"AMD",-0.00182121020454746,0.0392695690598383,57,NA,NA
"528",2008-03-01,"AMD",-0.00958067265703732,0.0316130045159257,53,NA,NA
"529",2008-04-01,"AMD",0.000826891914811223,0.0246225050575456,52,NA,NA
"530",2008-05-01,"AMD",0.00727536758668654,0.030012368970342,49,NA,NA
"531",2008-06-01,"AMD",-0.0069720560433243,0.0431170544456681,50,NA,NA
"532",2008-07-01,"AMD",-0.013713242847747,0.044663660621283,53,NA,NA
"533",2008-08-01,"AMD",0.0196149028980691,0.0256285901682744,52,NA,NA
"534",2008-09-01,"AMD",-0.00581255318647378,0.0769712464929232,48,NA,NA
"535",2008-10-01,"AMD",-0.0143728206747843,0.081378278880309,48,NA,NA
"536",2008-11-01,"AMD",-0.0171434552608527,0.0845853307750772,58,NA,NA
"537",2008-12-01,"AMD",-0.00231779316372814,0.0587672262954911,55,NA,NA
"538",2009-01-01,"AMD",0.00344729678869327,0.076249729909928,58,NA,NA
"539",2009-02-01,"AMD",0.000885108932720889,0.0482892615715325,51,NA,NA
"540",2009-03-01,"AMD",0.0175511268864758,0.0681240756402667,51,NA,NA
"541",2009-04-01,"AMD",0.0087972667223778,0.0395156558686868,48,NA,NA
"542",2009-05-01,"AMD",0.0125838574236346,0.0475866818487379,48,NA,NA
"543",2009-06-01,"AMD",-0.00671721971234596,0.03268565148628,48,NA,NA
"544",2009-07-01,"AMD",-0.0016076580669403,0.0433481293694396,52,NA,NA
"545",2009-08-01,"AMD",0.00875801092079934,0.0289410226671677,51,NA,NA
"546",2009-09-01,"AMD",0.0133477579586071,0.0429993540245589,50,NA,NA
"547",2009-10-01,"AMD",-0.00865919610103689,0.0387503429382193,49,NA,NA
"548",2009-11-01,"AMD",0.0226321804617327,0.0558393418430522,60,NA,NA
"549",2009-12-01,"AMD",0.0152141052893333,0.030886157758807,56,NA,NA
"550",2010-01-01,"AMD",-0.0129039124283413,0.0379879374670889,52,NA,NA
"551",2010-02-01,"AMD",0.00349431762941457,0.0291688749366267,51,NA,NA
"552",2010-03-01,"AMD",0.00713628318776863,0.0212520561035408,47,NA,NA
"553",2010-04-01,"AMD",-0.000698678630509257,0.0265045073185369,48,NA,NA
"554",2010-05-01,"AMD",-0.00204705844146009,0.0406535969375596,47,NA,NA
"555",2010-06-01,"AMD",-0.00649666906900704,0.0366100389495225,45,NA,NA
"556",2010-07-01,"AMD",0.00136297178248715,0.023810714957581,47,NA,NA
"557",2010-08-01,"AMD",-0.0126807017319354,0.027570929681189,52,NA,NA
"558",2010-09-01,"AMD",0.0116780791736611,0.0266399132365228,47,NA,NA
"559",2010-10-01,"AMD",0.00171139428307326,0.0219238326109367,46,NA,NA
"560",2010-11-01,"AMD",-0.000102324808277457,0.0201199098842761,56,NA,NA
"561",2010-12-01,"AMD",0.0053532173053638,0.0147453839702595,54,NA,NA
"562",2011-01-01,"AMD",-0.00158628037450987,0.0351103787820884,55,NA,NA
"563",2011-02-01,"AMD",0.00898374726488506,0.0294064007633087,57,NA,NA
"564",2011-03-01,"AMD",-0.00272612219060802,0.0227764761584507,53,NA,NA
"565",2011-04-01,"AMD",0.00299192048189792,0.0185460568623986,50,NA,NA
"566",2011-05-01,"AMD",-0.00217862519251008,0.0120109264225565,52,NA,NA
"567",2011-06-01,"AMD",-0.00960371549275456,0.0200152989598038,54,NA,NA
"568",2011-07-01,"AMD",0.00352846922647561,0.0498642736618772,59,NA,NA
"569",2011-08-01,"AMD",-0.0022041372258697,0.0435073661700236,59,NA,NA
"570",2011-09-01,"AMD",-0.0129220599935567,0.0467861733016531,61,NA,NA
"571",2011-10-01,"AMD",0.00764596666036385,0.0473201040902534,64,NA,NA
"572",2011-11-01,"AMD",-0.000300238680171566,0.0422892686082065,77,NA,NA
"573",2011-12-01,"AMD",-0.00202077206371975,0.0315242508537015,66,NA,NA
"574",2012-01-01,"AMD",0.0110757428031726,0.018251438259274,60,NA,NA
"575",2012-02-01,"AMD",0.00478375875799668,0.0214828705134611,58,NA,NA
"576",2012-03-01,"AMD",0.00427253007059685,0.025152411436428,57,NA,NA
"577",2012-04-01,"AMD",-0.00405567985029264,0.0219154011430194,54,NA,NA
"578",2012-05-01,"AMD",-0.0083274606495213,0.0259197030181348,61,NA,NA
"579",2012-06-01,"AMD",-0.00222503767044412,0.0352291195006313,58,NA,NA
"580",2012-07-01,"AMD",-0.0154883956524019,0.0392616524978896,58,NA,NA
"581",2012-08-01,"AMD",-0.00348653576431222,0.0258778337052147,59,NA,NA
"582",2012-09-01,"AMD",-0.0043604627806159,0.0415267508288609,56,NA,NA
"583",2012-10-01,"AMD",-0.0220355170430318,0.0511861313291119,57,NA,NA
"584",2012-11-01,"AMD",0.00404392144349788,0.0377215239359997,65,NA,NA
"585",2012-12-01,"AMD",0.00499253968295677,0.03671438240286,62,NA,NA
"586",2013-01-01,"AMD",0.00460970921442314,0.0408392923750595,60,NA,NA
"587",2013-02-01,"AMD",-0.00194905274877601,0.0261472002282347,62,NA,NA
"588",2013-03-01,"AMD",0.00140541015320064,0.0212274321633597,61,NA,NA
"589",2013-04-01,"AMD",0.0052698914056871,0.0386736300022007,57,NA,NA
"590",2013-05-01,"AMD",0.0172268762751595,0.0504615580643262,61,NA,NA
"591",2013-06-01,"AMD",0.00121315033905147,0.0216105290814408,63,NA,NA
"592",2013-07-01,"AMD",-0.00253895717801781,0.046524371601697,63,NA,NA
"593",2013-08-01,"AMD",-0.00626727412126217,0.019270180387501,62,NA,NA
"594",2013-09-01,"AMD",0.00789699682217071,0.0219334118646572,61,NA,NA
"595",2013-10-01,"AMD",-0.00498705158677779,0.0377313406310779,67,NA,NA
"596",2013-11-01,"AMD",0.00442793978581385,0.0158399105520627,74,NA,NA
"597",2013-12-01,"AMD",0.0029995263998195,0.0127645195977949,74,NA,NA
"598",2014-01-01,"AMD",-0.00507466062007887,0.0363778011472629,71,NA,NA
"599",2014-02-01,"AMD",0.00426583527251424,0.0164695515954312,67,NA,NA
"600",2014-03-01,"AMD",0.00392482238484916,0.0213507897865488,61,NA,NA
"601",2014-04-01,"AMD",0.0015602986632906,0.036581053685554,61,NA,NA
"602",2014-05-01,"AMD",-0.000951821613985515,0.0150257997852285,60,NA,NA
"603",2014-06-01,"AMD",0.00244009193368642,0.0217604705278043,62,NA,NA
"604",2014-07-01,"AMD",-0.00227375527950784,0.0408921876292985,64,NA,NA
"605",2014-08-01,"AMD",0.00312272036649059,0.0104952891015801,62,NA,NA
"606",2014-09-01,"AMD",-0.00945339880956991,0.0130387453842333,57,NA,NA
"607",2014-10-01,"AMD",-0.00797906221656657,0.0333989752710405,59,NA,NA
"608",2014-11-01,"AMD",-5.90300647932e-05,0.0165723115039069,66,NA,NA
"609",2014-12-01,"AMD",-0.00180579220219767,0.0198897292902807,67,NA,NA
"610",2015-01-01,"AMD",-0.00129785364201539,0.0361111877750862,61,NA,NA
"611",2015-02-01,"AMD",0.0109840713813569,0.0446161589992768,59,NA,NA
"612",2015-03-01,"AMD",-0.00653114794356355,0.0208667158922507,57,NA,NA
"613",2015-04-01,"AMD",-0.00754846543627592,0.0330500138514529,57,NA,NA
"614",2015-05-01,"AMD",0.000554548591657225,0.015465140272159,58,NA,NA
"615",2015-06-01,"AMD",0.00258401415347478,0.0228177232126382,66,NA,NA
"616",2015-07-01,"AMD",-0.00849704060729797,0.0528824572119916,66,NA,NA
"617",2015-08-01,"AMD",-0.00201480049193405,0.0473267131404534,67,NA,NA
"618",2015-09-01,"AMD",-0.00185965851695606,0.0383341960341857,58,NA,NA
"619",2015-10-01,"AMD",0.00996418675382193,0.0242892517895051,57,NA,NA
"620",2015-11-01,"AMD",0.00582457130092496,0.0308881164373901,70,NA,NA
"621",2015-12-01,"AMD",0.00951337814981221,0.0352580224372011,68,NA,NA
"622",2016-01-01,"AMD",-0.0118357376013717,0.0668085059740537,60,NA,NA
"623",2016-02-01,"AMD",-0.000897389636493005,0.0317918620587088,59,NA,NA
"624",2016-03-01,"AMD",0.0143256972077279,0.0507145553633267,58,NA,NA
"625",2016-04-01,"AMD",0.0162179130049467,0.123148934975813,58,NA,NA
"626",2016-05-01,"AMD",0.0124045484014069,0.0254850366870529,62,NA,NA
"627",2016-06-01,"AMD",0.00654470053133947,0.0503097665650731,72,NA,NA
"628",2016-07-01,"AMD",0.0155335769073068,0.0472421595492863,67,NA,NA
"629",2016-08-01,"AMD",0.00373768296574313,0.0304451093594961,63,NA,NA
"630",2016-09-01,"AMD",-0.00262506088622219,0.0359872167237939,61,NA,NA
"631",2016-10-01,"AMD",0.00273390783327755,0.0349013217702608,60,NA,NA
"632",2016-11-01,"AMD",0.0109667083967813,0.0453765351121825,67,NA,NA
"633",2016-12-01,"AMD",0.0121497912377158,0.0358015363046974,75,NA,NA
"634",2017-01-01,"AMD",-0.00415447355857512,0.0252340383858526,72,NA,NA
"635",2017-02-01,"AMD",0.0188551515645886,0.0519899814725775,87,NA,NA
"636",2017-03-01,"AMD",0.000770777790520688,0.0322491319119629,88,NA,NA
"637",2017-04-01,"AMD",-0.00439620537615297,0.025843376127388,75,NA,NA
"638",2017-05-01,"AMD",-0.0054397510538409,0.0673384457473037,85,NA,NA
"639",2017-06-01,"AMD",0.00577193400986379,0.040369574389771,89,NA,NA
"640",2017-07-01,"AMD",0.00484301074736452,0.0326346558946626,88,NA,NA
"641",2017-08-01,"AMD",-0.00169766534969293,0.0247768976359319,81,NA,NA
"642",2017-09-01,"AMD",-0.000674811161481555,0.0249737172046032,74,NA,NA
"643",2017-10-01,"AMD",-0.00602191207518635,0.0379073803239612,75,21220,7598825
"644",2017-11-01,"AMD",0.0213787504641001,0.038305891011941,78,63114,25864524
"645",1980-03-01,"INTC",-0.000896782545844381,0.0262690798690218,NA,NA,NA
"646",1980-04-01,"INTC",-0.000148578051014133,0.0225336515615987,NA,NA,NA
"647",1980-05-01,"INTC",0.00508180412014693,0.0138700468365257,NA,NA,NA
"648",1980-06-01,"INTC",-0.00155148163664256,0.0101715460541163,NA,NA,NA
"649",1980-07-01,"INTC",0.0117234779765053,0.015851239541152,NA,NA,NA
"650",1980-08-01,"INTC",0.001687561661179,0.0188411270966925,NA,NA,NA
"651",1980-09-01,"INTC",0.000990579546720948,0.0195312962485503,NA,NA,NA
"652",1980-10-01,"INTC",-0.00199582490313526,0.0323428310667063,NA,NA,NA
"653",1980-11-01,"INTC",0.00605916731849233,0.0287703478029706,NA,NA,NA
"654",1980-12-01,"INTC",-0.00607175160870455,0.0309882990304183,NA,NA,NA
"655",1981-01-01,"INTC",-0.00349045151781695,0.0201065305858976,NA,NA,NA
"656",1981-02-01,"INTC",-0.00266281849628577,0.0354828316688075,NA,NA,NA
"657",1981-03-01,"INTC",0.0018802957059972,0.0244175810316819,NA,NA,NA
"658",1981-04-01,"INTC",0.00209927883588827,0.0188863931049788,NA,NA,NA
"659",1981-05-01,"INTC",0.00432204332826793,0.0198388798604659,NA,NA,NA
"660",1981-06-01,"INTC",-0.00558274588522111,0.0257769201253919,NA,NA,NA
"661",1981-07-01,"INTC",-0.00267757325049105,0.0229121723386615,NA,NA,NA
"662",1981-08-01,"INTC",-0.00870517231483553,0.0176581243363676,NA,NA,NA
"663",1981-09-01,"INTC",-0.00615056373145645,0.0375750060311609,NA,NA,NA
"664",1981-10-01,"INTC",0.00779562617598733,0.0301932011925137,NA,NA,NA
"665",1981-11-01,"INTC",-0.00623750154410743,0.0246599772662285,NA,NA,NA
"666",1981-12-01,"INTC",-0.00449717642465444,0.0241246314985028,NA,NA,NA
"667",1982-01-01,"INTC",0.0079810561035122,0.0395203940343931,NA,NA,NA
"668",1982-02-01,"INTC",-0.000803413932540579,0.0214871495326265,NA,NA,NA
"669",1982-03-01,"INTC",0.00574490036327364,0.0328212057542218,NA,NA,NA
"670",1982-04-01,"INTC",0.00465595024694838,0.0249913567299891,NA,NA,NA
"671",1982-05-01,"INTC",-0.00170364137374314,0.0261429323586347,NA,NA,NA
"672",1982-06-01,"INTC",0.00183039744051028,0.0271873577016516,NA,NA,NA
"673",1982-07-01,"INTC",0.00168894313155205,0.0199917977446953,NA,NA,NA
"674",1982-08-01,"INTC",0.00649912861141748,0.0338098800253622,NA,NA,NA
"675",1982-09-01,"INTC",-0.00513610389744379,0.0266536681021562,NA,NA,NA
"676",1982-10-01,"INTC",0.00632785800799341,0.0264172319947022,NA,NA,NA
"677",1982-11-01,"INTC",0.00198924044990207,0.0349076077881073,NA,NA,NA
"678",1982-12-01,"INTC",0.00103868953696064,0.0306758550401546,NA,NA,NA
"679",1983-01-01,"INTC",0.00541164312840221,0.0305645742276227,NA,NA,NA
"680",1983-02-01,"INTC",0.00428460730982178,0.0182991683816802,NA,NA,NA
"681",1983-03-01,"INTC",0.00181508078052926,0.0208292898050496,NA,NA,NA
"682",1983-04-01,"INTC",0.00156465670755022,0.0245799947941542,NA,NA,NA
"683",1983-05-01,"INTC",0.00723701074093841,0.0247075789975167,NA,NA,NA
"684",1983-06-01,"INTC",0.0127795364386412,0.0402585251771217,NA,NA,NA
"685",1983-07-01,"INTC",0.00454634267797285,0.0374683081817168,NA,NA,NA
"686",1983-08-01,"INTC",0.00117880597642987,0.028017066864492,NA,NA,NA
"687",1983-09-01,"INTC",0.000603981607506624,0.0256875381459415,NA,NA,NA
"688",1983-10-01,"INTC",-0.00395514099548747,0.0232568004119334,NA,NA,NA
"689",1983-11-01,"INTC",0.00513288219847439,0.0263187842964667,NA,NA,NA
"690",1983-12-01,"INTC",0.000488372605268895,0.020669323278836,NA,NA,NA
"691",1984-01-01,"INTC",-0.00600132386004441,0.026513981582938,NA,NA,NA
"692",1984-02-01,"INTC",0.00143935049581449,0.0400481139598262,NA,NA,NA
"693",1984-03-01,"INTC",-0.00135183648706019,0.0204435227714302,NA,NA,NA
"694",1984-04-01,"INTC",-0.00115431490172051,0.0230350007873745,NA,NA,NA
"695",1984-05-01,"INTC",-0.00527009045270973,0.0292652451473548,NA,NA,NA
"696",1984-06-01,"INTC",-0.000302012174530538,0.0374712927062088,NA,NA,NA
"697",1984-07-01,"INTC",0.000886327039870014,0.0322186619508973,NA,NA,NA
"698",1984-08-01,"INTC",0.00755066509411047,0.0259447361718633,NA,NA,NA
"699",1984-09-01,"INTC",-0.00744433596416382,0.0286898438683091,NA,NA,NA
"700",1984-10-01,"INTC",-0.00427873241384968,0.0329921564860803,NA,NA,NA
"701",1984-11-01,"INTC",0.00156124846737555,0.024858900216398,NA,NA,NA
"702",1984-12-01,"INTC",-0.00044609989514792,0.0305707173498607,NA,NA,NA
"703",1985-01-01,"INTC",0.00445541622026983,0.0198420898674016,NA,NA,NA
"704",1985-02-01,"INTC",-0.00458619314983288,0.0264820710969612,NA,NA,NA
"705",1985-03-01,"INTC",1.25999549312809e-05,0.0305193518678547,NA,NA,NA
"706",1985-04-01,"INTC",-0.000156891755572957,0.0239940010128549,NA,NA,NA
"707",1985-05-01,"INTC",-0.00142000262298842,0.0316280534338832,NA,NA,NA
"708",1985-06-01,"INTC",-0.00039112104735231,0.026622575806018,NA,NA,NA
"709",1985-07-01,"INTC",0.00399669544915375,0.0212336357036767,NA,NA,NA
"710",1985-08-01,"INTC",-0.0035797854611753,0.0198421448636728,NA,NA,NA
"711",1985-09-01,"INTC",-0.000279884218688321,0.0219946074832247,NA,NA,NA
"712",1985-10-01,"INTC",8.78968306132479e-05,0.0327466593875077,NA,NA,NA
"713",1985-11-01,"INTC",0.0058896225982319,0.0257550652037731,NA,NA,NA
"714",1985-12-01,"INTC",0.0014285188092179,0.0200581905801727,NA,NA,NA
"715",1986-01-01,"INTC",-0.0012860201610887,0.024728251689525,NA,NA,NA
"716",1986-02-01,"INTC",-0.000566625479904147,0.0281398171377955,NA,NA,NA
"717",1986-03-01,"INTC",-0.00284564304887969,0.0292177064725467,NA,NA,NA
"718",1986-04-01,"INTC",0.0045673464875371,0.0286782961681487,NA,NA,NA
"719",1986-05-01,"INTC",-0.00192209977498696,0.0210577625607098,NA,NA,NA
"720",1986-06-01,"INTC",-0.00777168327282552,0.0237139582511584,NA,NA,NA
"721",1986-07-01,"INTC",-0.00987131021053718,0.034938170591757,NA,NA,NA
"722",1986-08-01,"INTC",0.0116692406954009,0.0353236869797698,NA,NA,NA
"723",1986-09-01,"INTC",-0.00740748854200786,0.0296832797299428,NA,NA,NA
"724",1986-10-01,"INTC",0.00200960022636222,0.0277104265698627,NA,NA,NA
"725",1986-11-01,"INTC",0.00695550026951921,0.0222389532244032,NA,NA,NA
"726",1986-12-01,"INTC",-0.00400267961823105,0.0160395313195065,NA,NA,NA
"727",1987-01-01,"INTC",0.0197676899211249,0.0375350220816533,NA,NA,NA
"728",1987-02-01,"INTC",0.0110311541515208,0.0386304423244453,NA,NA,NA
"729",1987-03-01,"INTC",0.00184777456827224,0.028148599489683,NA,NA,NA
"730",1987-04-01,"INTC",0.00910359916035569,0.0319489407620922,NA,NA,NA
"731",1987-05-01,"INTC",-0.00310076385221508,0.0267115684440595,NA,NA,NA
"732",1987-06-01,"INTC",0.000563593380650787,0.0300696069004011,NA,NA,NA
"733",1987-07-01,"INTC",0.00394876530755771,0.0217513351618074,NA,NA,NA
"734",1987-08-01,"INTC",0.00499669761134602,0.0225150929497619,NA,NA,NA
"735",1987-09-01,"INTC",0.00444655331141189,0.0162679404098621,NA,NA,NA
"736",1987-10-01,"INTC",-0.0141254680018945,0.0860290745202949,NA,NA,NA
"737",1987-11-01,"INTC",-0.00795138165249799,0.0562224999524699,NA,NA,NA
"738",1987-12-01,"INTC",0.0103679705169408,0.0413188590976322,NA,NA,NA
"739",1988-01-01,"INTC",-0.000962386182170375,0.0445045065519034,NA,NA,NA
"740",1988-02-01,"INTC",0.00542078253433635,0.0246919525268842,NA,NA,NA
"741",1988-03-01,"INTC",0.00208246318279047,0.0280298928318332,NA,NA,NA
"742",1988-04-01,"INTC",0.00295264856890188,0.0236475354914327,NA,NA,NA
"743",1988-05-01,"INTC",-0.000244543750831395,0.0171813492590635,NA,NA,NA
"744",1988-06-01,"INTC",0.00752796916981596,0.0191357575406749,NA,NA,NA
"745",1988-07-01,"INTC",-0.00176595787588345,0.0195011252798992,NA,NA,NA
"746",1988-08-01,"INTC",-0.00908058731781122,0.023613768078234,NA,NA,NA
"747",1988-09-01,"INTC",-0.000509531198808443,0.0270365744538787,NA,NA,NA
"748",1988-10-01,"INTC",-0.00453879158070042,0.0312925546972478,NA,NA,NA
"749",1988-11-01,"INTC",-0.00930007812305695,0.03947616224526,NA,NA,NA
"750",1988-12-01,"INTC",0.00844688135111067,0.0220908357054019,NA,NA,NA
"751",1989-01-01,"INTC",0.0045675059875736,0.0230036026833005,NA,NA,NA
"752",1989-02-01,"INTC",-0.000211484131560521,0.0249180886828253,NA,NA,NA
"753",1989-03-01,"INTC",0.00122564698179172,0.0270507558089813,NA,NA,NA
"754",1989-04-01,"INTC",0.00520156237589791,0.0210687650567269,NA,NA,NA
"755",1989-05-01,"INTC",0.0052828683671395,0.0137365070566117,NA,NA,NA
"756",1989-06-01,"INTC",-0.00479642615611492,0.0275520832359351,NA,NA,NA
"757",1989-07-01,"INTC",0.00290592963832829,0.028075714099856,NA,NA,NA
"758",1989-08-01,"INTC",-0.0004121549064808,0.0252339112635283,NA,NA,NA
"759",1989-09-01,"INTC",0.00372686067314735,0.0148559296123281,NA,NA,NA
"760",1989-10-01,"INTC",0.00238145074078343,0.0254959216998762,NA,NA,NA
"761",1989-11-01,"INTC",0.0016511548412909,0.0233687777811563,NA,NA,NA
"762",1989-12-01,"INTC",-6.17079514450947e-05,0.0252224420632073,NA,NA,NA
"763",1990-01-01,"INTC",0.00645679006928371,0.0246187698991401,NA,NA,NA
"764",1990-02-01,"INTC",0.00108423314440346,0.0140385335044576,NA,NA,NA
"765",1990-03-01,"INTC",0.00180145100234281,0.0170650441010339,NA,NA,NA
"766",1990-04-01,"INTC",-0.0026804251557731,0.0134019189400399,NA,NA,NA
"767",1990-05-01,"INTC",0.00924345954479303,0.0150523765296026,NA,NA,NA
"768",1990-06-01,"INTC",-0.00113963144684529,0.0151329244202605,NA,NA,NA
"769",1990-07-01,"INTC",-0.00236376261447295,0.0221538603412636,NA,NA,NA
"770",1990-08-01,"INTC",-0.0118448551186825,0.034987093541453,NA,NA,NA
"771",1990-09-01,"INTC",0.000113914048223037,0.0260241883993294,NA,NA,NA
"772",1990-10-01,"INTC",0.000798895422736531,0.0313591809394091,NA,NA,NA
"773",1990-11-01,"INTC",0.00563157659567796,0.0227320543118901,NA,NA,NA
"774",1990-12-01,"INTC",0.00159479342496288,0.0241296063719197,NA,NA,NA
"775",1991-01-01,"INTC",0.00801103995748292,0.0170904581710319,NA,NA,NA
"776",1991-02-01,"INTC",0.00245674594816391,0.0207236712280654,NA,NA,NA
"777",1991-03-01,"INTC",-0.000333616641099469,0.038655879238897,NA,NA,NA
"778",1991-04-01,"INTC",0.00278185501414081,0.0297005826011326,NA,NA,NA
"779",1991-05-01,"INTC",0.00609727002196711,0.0304892581213632,NA,NA,NA
"780",1991-06-01,"INTC",-0.00856647317497429,0.031060163182116,NA,NA,NA
"781",1991-07-01,"INTC",0.000818177229288363,0.0262734937102364,NA,NA,NA
"782",1991-08-01,"INTC",0.00269076184143135,0.0265736540155117,NA,NA,NA
"783",1991-09-01,"INTC",-0.00727121170611035,0.0347538441621832,NA,NA,NA
"784",1991-10-01,"INTC",-0.00124692254273923,0.0312285705516554,NA,NA,NA
"785",1991-11-01,"INTC",0.000640187371901305,0.0190861385294956,NA,NA,NA
"786",1991-12-01,"INTC",0.00873591908599546,0.0210533312754478,NA,NA,NA
"787",1992-01-01,"INTC",0.00950823497928983,0.0277597047548282,NA,NA,NA
"788",1992-02-01,"INTC",0.00341816004686038,0.0258577028776785,NA,NA,NA
"789",1992-03-01,"INTC",-0.00598511496502191,0.0258745300239375,NA,NA,NA
"790",1992-04-01,"INTC",-0.000949985994765967,0.0344812834645407,NA,NA,NA
"791",1992-05-01,"INTC",-0.00317825422686624,0.0204836208773879,NA,NA,NA
"792",1992-06-01,"INTC",0.00620999452363653,0.022489074156864,NA,NA,NA
"793",1992-07-01,"INTC",0.002373031327891,0.0219236508540919,NA,NA,NA
"794",1992-08-01,"INTC",-0.00128613172164327,0.0163935878838264,NA,NA,NA
"795",1992-09-01,"INTC",0.00613834695909077,0.0176974255103877,NA,NA,NA
"796",1992-10-01,"INTC",0.00145233288412991,0.0200696602494107,NA,NA,NA
"797",1992-11-01,"INTC",0.00297511786516709,0.0139878927365055,NA,NA,NA
"798",1992-12-01,"INTC",0.00927605883316451,0.0261623014388444,NA,NA,NA
"799",1993-01-01,"INTC",0.0108243932548302,0.0328936773429165,NA,NA,NA
"800",1993-02-01,"INTC",0.00495181031652388,0.0269377365167147,NA,NA,NA
"801",1993-03-01,"INTC",-0.000430987490815369,0.0166167388021912,NA,NA,NA
"802",1993-04-01,"INTC",-0.00815247784522803,0.0400138666196435,NA,NA,NA
"803",1993-05-01,"INTC",0.00790952573530106,0.0219521855648107,NA,NA,NA
"804",1993-06-01,"INTC",-0.000138090862705228,0.0215349068403625,NA,NA,NA
"805",1993-07-01,"INTC",-0.00218029403116707,0.0212522237808269,NA,NA,NA
"806",1993-08-01,"INTC",0.00964943081888036,0.0211576320130066,NA,NA,NA
"807",1993-09-01,"INTC",0.00476420558061698,0.0186062926007483,NA,NA,NA
"808",1993-10-01,"INTC",-0.00503298945211838,0.0227986263238074,NA,NA,NA
"809",1993-11-01,"INTC",-0.00109035635281951,0.0226583646888296,NA,NA,NA
"810",1993-12-01,"INTC",0.000596826416550804,0.0217259089612259,NA,NA,NA
"811",1994-01-01,"INTC",0.00275447502948389,0.0240656216760509,NA,NA,NA
"812",1994-02-01,"INTC",0.00288287745676326,0.0165148506275138,NA,NA,NA
"813",1994-03-01,"INTC",-0.00065435114281757,0.0172700668706252,NA,NA,NA
"814",1994-04-01,"INTC",-0.00491864453584157,0.027278799698908,NA,NA,NA
"815",1994-05-01,"INTC",0.00126161685516472,0.0148227862677071,NA,NA,NA
"816",1994-06-01,"INTC",-0.00284137716452671,0.0183866053480896,NA,NA,NA
"817",1994-07-01,"INTC",0.000871503267662321,0.0193538479092567,NA,NA,NA
"818",1994-08-01,"INTC",0.00462228380625867,0.0134337461310338,NA,NA,NA
"819",1994-09-01,"INTC",-0.00308836588242465,0.0136380398183587,NA,NA,NA
"820",1994-10-01,"INTC",0.000655257968556045,0.0165027992852134,NA,NA,NA
"821",1994-11-01,"INTC",0.000932528572976243,0.0190020977979181,NA,NA,NA
"822",1994-12-01,"INTC",0.000808518722595604,0.0224526612324916,NA,NA,NA
"823",1995-01-01,"INTC",0.00408751732948739,0.0149524619270079,NA,NA,NA
"824",1995-02-01,"INTC",0.00747111144881514,0.0155342070634222,NA,NA,NA
"825",1995-03-01,"INTC",0.00281716800157833,0.0147186064788747,NA,NA,NA
"826",1995-04-01,"INTC",0.010106018645866,0.0184174543493688,NA,NA,NA
"827",1995-05-01,"INTC",0.00435313090403667,0.0183054851917109,NA,NA,NA
"828",1995-06-01,"INTC",0.00575124721575754,0.0235392689890982,NA,NA,NA
"829",1995-07-01,"INTC",0.00208713692216327,0.038975914401418,NA,NA,NA
"830",1995-08-01,"INTC",-0.00217689785935662,0.0253257626014221,NA,NA,NA
"831",1995-09-01,"INTC",-0.00080656325151802,0.0217483171357964,NA,NA,NA
"832",1995-10-01,"INTC",0.0070682047909114,0.0199004526595846,NA,NA,NA
"833",1995-11-01,"INTC",-0.00612916734469938,0.0295416432687064,NA,NA,NA
"834",1995-12-01,"INTC",-0.00329587719366923,0.0211142597603402,NA,NA,NA
"835",1996-01-01,"INTC",-0.0011875999374377,0.0369986478035915,NA,NA,NA
"836",1996-02-01,"INTC",0.00406256219704316,0.0201381107531989,NA,NA,NA
"837",1996-03-01,"INTC",-0.00143975190646162,0.0276115424669578,NA,NA,NA
"838",1996-04-01,"INTC",0.00910544317928945,0.0224451453740104,NA,NA,NA
"839",1996-05-01,"INTC",0.00226222880728092,0.0173238845558581,NA,NA,NA
"840",1996-06-01,"INTC",0.00199850488722604,0.0243114926646863,NA,NA,NA
"841",1996-07-01,"INTC",-0.000284413441950382,0.0252452874564547,NA,NA,NA
"842",1996-08-01,"INTC",0.00515761283480658,0.0206295071677343,NA,NA,NA
"843",1996-09-01,"INTC",0.00825536132394875,0.0193844830900247,NA,NA,NA
"844",1996-10-01,"INTC",0.00440747202914241,0.0320908402784135,NA,NA,NA
"845",1996-11-01,"INTC",0.00994452234969554,0.022338598138239,NA,NA,NA
"846",1996-12-01,"INTC",0.00191465349416907,0.0259699006514212,NA,NA,NA
"847",1997-01-01,"INTC",0.00999266915459885,0.0190572825578607,NA,NA,NA
"848",1997-02-01,"INTC",-0.00680893695278911,0.0222064419728992,NA,NA,NA
"849",1997-03-01,"INTC",-0.000804333967827585,0.0202099762115445,NA,NA,NA
"850",1997-04-01,"INTC",0.00466143475251815,0.0240511641321912,NA,NA,NA
"851",1997-05-01,"INTC",-0.000120658724392638,0.0280190948137844,NA,NA,NA
"852",1997-06-01,"INTC",-0.00296934252556955,0.0173049881374999,NA,NA,NA
"853",1997-07-01,"INTC",0.0120610181282146,0.0236288424840308,NA,NA,NA
"854",1997-08-01,"INTC",0.000398953566655567,0.0221565429184659,NA,NA,NA
"855",1997-09-01,"INTC",0.000346015579954376,0.0213608985248239,NA,NA,NA
"856",1997-10-01,"INTC",-0.00713243587739637,0.0399809833091908,NA,NA,NA
"857",1997-11-01,"INTC",0.000715098645320642,0.0246677612939221,NA,NA,NA
"858",1997-12-01,"INTC",-0.00428602668914423,0.0226149127945543,NA,NA,NA
"859",1998-01-01,"INTC",0.00735675241458508,0.0202481335447881,NA,NA,NA
"860",1998-02-01,"INTC",0.00559096855976636,0.0212632935242031,NA,NA,NA
"861",1998-03-01,"INTC",-0.00576163323551283,0.0323878335909029,NA,NA,NA
"862",1998-04-01,"INTC",0.00192267500059064,0.0233378676931538,NA,NA,NA
"863",1998-05-01,"INTC",-0.00593926626178717,0.0206343547129264,NA,NA,NA
"864",1998-06-01,"INTC",0.00202683984068393,0.0269024973922823,NA,NA,NA
"865",1998-07-01,"INTC",0.00617940234685164,0.0226324572294848,NA,NA,NA
"866",1998-08-01,"INTC",-0.00770579953516136,0.0277456672038942,NA,NA,NA
"867",1998-09-01,"INTC",0.00933624956346223,0.0305697572061908,NA,NA,NA
"868",1998-10-01,"INTC",0.00204155247665094,0.0231440949271016,NA,NA,NA
"869",1998-11-01,"INTC",0.00969213477907021,0.0228559907060564,NA,NA,NA
"870",1998-12-01,"INTC",0.00491297408242657,0.0318698265821561,NA,NA,NA
"871",1999-01-01,"INTC",0.00961026962268772,0.0326986424772379,NA,NA,NA
"872",1999-02-01,"INTC",-0.00788740286459604,0.034059468980644,NA,NA,NA
"873",1999-03-01,"INTC",-3.74540237810709e-06,0.0274188680957892,NA,NA,NA
"874",1999-04-01,"INTC",0.00187946741531124,0.0324787855923328,NA,NA,NA
"875",1999-05-01,"INTC",-0.00570046761261966,0.0306366039469711,NA,NA,NA
"876",1999-06-01,"INTC",0.00495469888481686,0.0350896516917989,NA,NA,NA
"877",1999-07-01,"INTC",0.00742238411644528,0.0271422674660207,NA,NA,NA
"878",1999-08-01,"INTC",0.00827637250109943,0.0241595300589264,NA,NA,NA
"879",1999-09-01,"INTC",-0.00444101678121869,0.0269017997144663,NA,NA,NA
"880",1999-10-01,"INTC",0.00257424615085542,0.035820983021354,NA,NA,NA
"881",1999-11-01,"INTC",-0.000120326861106929,0.026192533260606,NA,NA,NA
"882",1999-12-01,"INTC",0.00356169105858452,0.0271103227952693,NA,NA,NA
"883",2000-01-01,"INTC",0.0103091373224753,0.0478517725518142,NA,NA,NA
"884",2000-02-01,"INTC",0.00703659618667862,0.0273563966067715,NA,NA,NA
"885",2000-03-01,"INTC",0.00714623488814334,0.0288772068844471,NA,NA,NA
"886",2000-04-01,"INTC",-0.000807432959125237,0.0518729216621902,NA,NA,NA
"887",2000-05-01,"INTC",0.000537434065344727,0.0447366076874132,NA,NA,NA
"888",2000-06-01,"INTC",0.00322499658824389,0.028515106025363,NA,NA,NA
"889",2000-07-01,"INTC",0.000285130986022595,0.0274182778468218,NA,NA,NA
"890",2000-08-01,"INTC",0.00527716299621749,0.0230773837188904,NA,NA,NA
"891",2000-09-01,"INTC",-0.0271649701863379,0.0594489709242439,NA,NA,NA
"892",2000-10-01,"INTC",0.00490426665932736,0.0518371272278376,NA,NA,NA
"893",2000-11-01,"INTC",-0.00671587522130781,0.0497038445490856,NA,NA,NA
"894",2000-12-01,"INTC",-0.0102032157568465,0.056415257050792,NA,NA,NA
"895",2001-01-01,"INTC",0.0106329043220344,0.0384653918050384,NA,NA,NA
"896",2001-02-01,"INTC",-0.0128742750481297,0.0362555134612211,NA,NA,NA
"897",2001-03-01,"INTC",-0.00233976562347211,0.05358916090013,NA,NA,NA
"898",2001-04-01,"INTC",0.0105932847875319,0.0743935482743321,NA,NA,NA
"899",2001-05-01,"INTC",-0.00570687391494176,0.0279242171410827,NA,NA,NA
"900",2001-06-01,"INTC",0.00417458143146298,0.0281009720148435,NA,NA,NA
"901",2001-07-01,"INTC",0.0013226866600052,0.0297602431782617,NA,NA,NA
"902",2001-08-01,"INTC",-0.00231047790672578,0.0303585456148604,NA,NA,NA
"903",2001-09-01,"INTC",-0.0195735883726718,0.0485318765408938,NA,NA,NA
"904",2001-10-01,"INTC",0.00842020800749626,0.0372824821146949,NA,NA,NA
"905",2001-11-01,"INTC",0.0142718055124569,0.0250778200183895,NA,NA,NA
"906",2001-12-01,"INTC",-0.00160426592173127,0.0243818068908056,NA,NA,NA
"907",2002-01-01,"INTC",0.00560472289600491,0.0306772164335675,NA,NA,NA
"908",2002-02-01,"INTC",-0.0103628420134439,0.0262905644180346,NA,NA,NA
"909",2002-03-01,"INTC",0.00359982327278816,0.03063781442154,NA,NA,NA
"910",2002-04-01,"INTC",-0.00247497143319841,0.024871139009037,NA,NA,NA
"911",2002-05-01,"INTC",-0.0008985945170132,0.0378726232806788,NA,NA,NA
"912",2002-06-01,"INTC",-0.0188711401512704,0.0558238382253948,NA,NA,NA
"913",2002-07-01,"INTC",0.00255001570489184,0.0520811481706928,NA,NA,NA
"914",2002-08-01,"INTC",-0.00442663111150197,0.0446818980218919,NA,NA,NA
"915",2002-09-01,"INTC",-0.0084279913338812,0.037105406497536,NA,NA,NA
"916",2002-10-01,"INTC",0.0113038222908756,0.0579183680848504,NA,NA,NA
"917",2002-11-01,"INTC",0.0100311177357602,0.0344393458690523,NA,NA,NA
"918",2002-12-01,"INTC",-0.0136114357081696,0.0234735975621733,NA,NA,NA
"919",2003-01-01,"INTC",0.00078825657952371,0.0287650245981824,NA,NA,NA
"920",2003-02-01,"INTC",0.00526287229954917,0.0204493394756645,NA,NA,NA
"921",2003-03-01,"INTC",-0.00228582976087462,0.0322662909406354,NA,NA,NA
"922",2003-04-01,"INTC",0.00613205178635557,0.0278266978542058,NA,NA,NA
"923",2003-05-01,"INTC",0.00631014945407925,0.0243855877163193,NA,NA,NA
"924",2003-06-01,"INTC",0.000168489416457914,0.0200405359527413,NA,NA,NA
"925",2003-07-01,"INTC",0.00847277465188013,0.0252624290608794,NA,NA,NA
"926",2003-08-01,"INTC",0.00680109582488611,0.0172201405205536,NA,NA,NA
"927",2003-09-01,"INTC",-0.00159644942496584,0.021376667820746,NA,NA,NA
"928",2003-10-01,"INTC",0.0079849205857143,0.0162467316003355,NA,NA,NA
"929",2003-11-01,"INTC",0.00112289812924609,0.0182599457388908,NA,NA,NA
"930",2003-12-01,"INTC",-0.00190054995483349,0.018372773832456,NA,NA,NA
"931",2004-01-01,"INTC",-0.00233858338185281,0.0148539216526264,25,NA,NA
"932",2004-02-01,"INTC",-0.00205829970692238,0.0203248630204678,22,NA,NA
"933",2004-03-01,"INTC",-0.00286815515214623,0.021072243948223,19,NA,NA
"934",2004-04-01,"INTC",-0.00250729505437224,0.0168704951109363,19,NA,NA
"935",2004-05-01,"INTC",0.00536782997157604,0.0128903263444179,18,NA,NA
"936",2004-06-01,"INTC",-0.00149373105370284,0.015645421394797,14,NA,NA
"937",2004-07-01,"INTC",-0.00546985241638657,0.0290601820286635,25,NA,NA
"938",2004-08-01,"INTC",-0.005900187930407,0.0185891836366333,21,NA,NA
"939",2004-09-01,"INTC",-0.0025933443174055,0.0220043531096674,25,NA,NA
"940",2004-10-01,"INTC",0.00513159667690689,0.0185941237610595,21,NA,NA
"941",2004-11-01,"INTC",0.000465031278726595,0.0161606131664548,20,NA,NA
"942",2004-12-01,"INTC",0.0021729497127799,0.0187236848336454,23,NA,NA
"943",2005-01-01,"INTC",-0.00197146063265069,0.0127708332094057,21,NA,NA
"944",2005-02-01,"INTC",0.00379167133462415,0.0149314558053661,16,NA,NA
"945",2005-03-01,"INTC",-0.00138179626883836,0.012981472393687,20,NA,NA
"946",2005-04-01,"INTC",0.00066700017597121,0.0126693292481871,28,NA,NA
"947",2005-05-01,"INTC",0.00670884785446314,0.00777258510028174,33,NA,NA
"948",2005-06-01,"INTC",-0.00153364527242407,0.0127851154716733,54,NA,NA
"949",2005-07-01,"INTC",0.00222862147043639,0.0157678501557694,51,NA,NA
"950",2005-08-01,"INTC",-0.00215233199877453,0.0108122949297198,45,NA,NA
"951",2005-09-01,"INTC",-0.00194096098601531,0.012970521124777,38,NA,NA
"952",2005-10-01,"INTC",-0.00222505299227205,0.00997592635716909,46,NA,NA
"953",2005-11-01,"INTC",0.00634539842252348,0.0161125361752103,53,NA,NA
"954",2005-12-01,"INTC",-0.00309086374577441,0.0127397562830927,55,NA,NA
"955",2006-01-01,"INTC",-0.0075981558935171,0.0282627461096079,90,NA,NA
"956",2006-02-01,"INTC",-0.00130694726172353,0.0134376960632195,88,NA,NA
"957",2006-03-01,"INTC",-0.00243328242885692,0.00900904368747277,100,NA,NA
"958",2006-04-01,"INTC",0.00146450337382277,0.0126678979272305,98,NA,NA
"959",2006-05-01,"INTC",-0.00434088044457962,0.0148884966954255,95,NA,NA
"960",2006-06-01,"INTC",0.00256915291796865,0.0183327767819636,86,NA,NA
"961",2006-07-01,"INTC",-0.00236689814236153,0.0261978273954686,97,NA,NA
"962",2006-08-01,"INTC",0.0039890111239144,0.0141523611839007,87,NA,NA
"963",2006-09-01,"INTC",0.00260786785321823,0.0154089143023904,89,NA,NA
"964",2006-10-01,"INTC",0.00175834292673897,0.0134114572734514,93,NA,NA
"965",2006-11-01,"INTC",0.000490322876794505,0.0169327859537054,69,NA,NA
"966",2006-12-01,"INTC",-0.00270689247297985,0.00910022757835896,52,NA,NA
"967",2007-01-01,"INTC",0.00190264015014929,0.0192498806062923,83,NA,NA
"968",2007-02-01,"INTC",-0.00248332790440751,0.0123423482147499,63,NA,NA
"969",2007-03-01,"INTC",-0.00163871064478211,0.0114122113958882,63,NA,NA
"970",2007-04-01,"INTC",0.00593854312526855,0.0131531363355025,72,NA,NA
"971",2007-05-01,"INTC",0.00171712482243854,0.0117290562551559,63,NA,NA
"972",2007-06-01,"INTC",0.00337402223743634,0.0167266717698769,59,NA,NA
"973",2007-07-01,"INTC",-2.73393057059368e-05,0.0212266488989106,90,NA,NA
"974",2007-08-01,"INTC",0.00412678147424415,0.0183921252282083,63,NA,NA
"975",2007-09-01,"INTC",0.000285291333022561,0.0113309760424464,56,NA,NA
"976",2007-10-01,"INTC",0.00185220117908484,0.0169455443395527,70,NA,NA
"977",2007-11-01,"INTC",-0.00102129314142093,0.0230608444807188,55,NA,NA
"978",2007-12-01,"INTC",0.00125313492307102,0.0179138829303492,50,NA,NA
"979",2008-01-01,"INTC",-0.0101564628644059,0.043279944107467,89,NA,NA
"980",2008-02-01,"INTC",-0.00220373835176725,0.0219441321291862,49,NA,NA
"981",2008-03-01,"INTC",0.00320411829253332,0.023399567064081,48,NA,NA
"982",2008-04-01,"INTC",0.00251168784491242,0.0229166464790193,59,NA,NA
"983",2008-05-01,"INTC",0.00239063756647236,0.01921494257501,41,NA,NA
"984",2008-06-01,"INTC",-0.00341348534248351,0.0207326289268012,34,NA,NA
"985",2008-07-01,"INTC",0.00172097758980997,0.0224957685722849,43,NA,NA
"986",2008-08-01,"INTC",0.00187311451604507,0.0175103028312196,35,NA,NA
"987",2008-09-01,"INTC",-0.0087529337571294,0.0384452875224815,43,NA,NA
"988",2008-10-01,"INTC",-0.00537248862247726,0.0542700624638424,68,NA,NA
"989",2008-11-01,"INTC",-0.00625859767638122,0.0485201089164272,47,NA,NA
"990",2008-12-01,"INTC",0.00358951132126982,0.0416654159497723,35,NA,NA
"991",2009-01-01,"INTC",-0.00581421283311493,0.0341340594157453,35,NA,NA
"992",2009-02-01,"INTC",0.000429654356016916,0.0342127600384986,34,NA,NA
"993",2009-03-01,"INTC",0.0082526161212528,0.0390626086428864,37,NA,NA
"994",2009-04-01,"INTC",0.00257689393198344,0.0232231596424382,42,NA,NA
"995",2009-05-01,"INTC",0.000452849821033935,0.0212273348051662,35,NA,NA
"996",2009-06-01,"INTC",0.002488650623241,0.0176564528250306,26,NA,NA
"997",2009-07-01,"INTC",0.00709058021437124,0.0206000528184574,44,NA,NA
"998",2009-08-01,"INTC",0.00302735989563757,0.0141823406172244,29,NA,NA
"999",2009-09-01,"INTC",-0.00171543700227497,0.0124275638753007,25,NA,NA
"1000",2009-10-01,"INTC",-0.000948961344076545,0.0165413296419793,38,NA,NA
"1001",2009-11-01,"INTC",0.000731632161097182,0.015925141682418,25,NA,NA
"1002",2009-12-01,"INTC",0.00286055208948117,0.0145933104540248,23,NA,NA
"1003",2010-01-01,"INTC",-0.00245903304542707,0.0195668167223146,38,NA,NA
"1004",2010-02-01,"INTC",0.00350782638499747,0.0146930651456377,22,NA,NA
"1005",2010-03-01,"INTC",0.00364618057776854,0.0116134964366833,24,NA,NA
"1006",2010-04-01,"INTC",0.0012601301978481,0.014425211393892,45,NA,NA
"1007",2010-05-01,"INTC",-0.00251020174890097,0.026967043456861,30,NA,NA
"1008",2010-06-01,"INTC",-0.00419381900468893,0.0195021052053269,23,NA,NA
"1009",2010-07-01,"INTC",0.00286710001177433,0.0164299519280079,35,NA,NA
"1010",2010-08-01,"INTC",-0.00649932115589569,0.0158709264432731,30,NA,NA
"1011",2010-09-01,"INTC",0.00406126593230831,0.0134519525598392,24,NA,NA
"1012",2010-10-01,"INTC",0.00213770168569322,0.0123203459266297,32,NA,NA
"1013",2010-11-01,"INTC",0.00298922787694307,0.0112527108378227,25,NA,NA
"1014",2010-12-01,"INTC",-0.000245495406528144,0.00781785597987778,19,NA,NA
"1015",2011-01-01,"INTC",0.00106081300733469,0.0101023269840067,34,NA,NA
"1016",2011-02-01,"INTC",0.000547554949258859,0.013190604470841,25,NA,NA
"1017",2011-03-01,"INTC",-0.00263008276776866,0.0111888259163772,22,NA,NA
"1018",2011-04-01,"INTC",0.00708749371316035,0.020773284008956,35,NA,NA
"1019",2011-05-01,"INTC",-0.000883895101622129,0.0133503862306008,35,NA,NA
"1020",2011-06-01,"INTC",-0.000603341102043211,0.0151156916524253,21,NA,NA
"1021",2011-07-01,"INTC",0.000466395271270069,0.0133746301976229,28,NA,NA
"1022",2011-08-01,"INTC",-0.00383009041205577,0.0229997163093848,29,NA,NA
"1023",2011-09-01,"INTC",0.0029316021839747,0.0182847807910548,23,NA,NA
"1024",2011-10-01,"INTC",0.0068435621753942,0.0181474887944123,33,NA,NA
"1025",2011-11-01,"INTC",0.00142158136061019,0.0250587266085182,24,NA,NA
"1026",2011-12-01,"INTC",-0.00112430322042257,0.0178931778272629,22,NA,NA
"1027",2012-01-01,"INTC",0.00436261037045145,0.0119985983525456,29,NA,NA
"1028",2012-02-01,"INTC",0.00129693936448666,0.00941061119608143,24,NA,NA
"1029",2012-03-01,"INTC",0.00207353504782543,0.00788251586210943,25,NA,NA
"1030",2012-04-01,"INTC",0.000560917620318507,0.0117421032407856,27,NA,NA
"1031",2012-05-01,"INTC",-0.00387361654186369,0.0122179346403533,23,NA,NA
"1032",2012-06-01,"INTC",0.00163073611812031,0.0182811201149863,19,NA,NA
"1033",2012-07-01,"INTC",-0.00161674819108865,0.0152371710216195,23,NA,NA
"1034",2012-08-01,"INTC",-0.001058702875383,0.0117996722355607,20,NA,NA
"1035",2012-09-01,"INTC",-0.00468665990798719,0.0162825504495585,24,NA,NA
"1036",2012-10-01,"INTC",-0.0021135654344076,0.0136403433660206,30,NA,NA
"1037",2012-11-01,"INTC",-0.00414701504724043,0.0166837770040667,28,NA,NA
"1038",2012-12-01,"INTC",0.00269726893157285,0.0120012123739785,25,NA,NA
"1039",2013-01-01,"INTC",0.00113923231369821,0.0191909626088997,36,NA,NA
"1040",2013-02-01,"INTC",0.000216273222090889,0.0114166425779145,27,NA,NA
"1041",2013-03-01,"INTC",0.00228801016566122,0.0102286732070408,30,NA,NA
"1042",2013-04-01,"INTC",0.00432310982210099,0.0153324355747208,42,NA,NA
"1043",2013-05-01,"INTC",0.00107277614410913,0.00727918829062635,38,NA,NA
"1044",2013-06-01,"INTC",4.29845229739444e-05,0.0175370935678215,36,NA,NA
"1045",2013-07-01,"INTC",-0.00160036694452084,0.0150454759208764,34,NA,NA
"1046",2013-08-01,"INTC",-0.00223379381414931,0.00900252166611319,27,NA,NA
"1047",2013-09-01,"INTC",0.00217188038459407,0.0125185851257439,28,NA,NA
"1048",2013-10-01,"INTC",0.0028904295058436,0.00951026069928461,29,NA,NA
"1049",2013-11-01,"INTC",-0.00072738493082129,0.0150899154035618,24,NA,NA
"1050",2013-12-01,"INTC",0.00410445387446135,0.0101352390207987,24,NA,NA
"1051",2014-01-01,"INTC",-0.00259129543824453,0.0125850054630212,35,NA,NA
"1052",2014-02-01,"INTC",0.00101623819780212,0.00972223843631466,22,NA,NA
"1053",2014-03-01,"INTC",0.00201505549406176,0.00767233187357944,20,NA,NA
"1054",2014-04-01,"INTC",0.00164351234462752,0.0105547903455808,33,NA,NA
"1055",2014-05-01,"INTC",0.00154222369151331,0.00687333256256171,22,NA,NA
"1056",2014-06-01,"INTC",0.00599967699225711,0.0160721574853691,37,NA,NA
"1057",2014-07-01,"INTC",0.0044284583984286,0.0220200530918532,49,NA,NA
"1058",2014-08-01,"INTC",0.00181429290740915,0.0113860873998763,31,NA,NA
"1059",2014-09-01,"INTC",-9.64991239941904e-05,0.00917068902492227,23,NA,NA
"1060",2014-10-01,"INTC",-0.000758841344134672,0.0234409337030434,32,NA,NA
"1061",2014-11-01,"INTC",0.00524255793659678,0.0139169320430883,26,NA,NA
"1062",2014-12-01,"INTC",-0.00111702443882693,0.0120541652879513,28,NA,NA
"1063",2015-01-01,"INTC",-0.00454569614736026,0.0167264112059669,31,NA,NA
"1064",2015-02-01,"INTC",0.000795180788496263,0.0135517491472076,24,NA,NA
"1065",2015-03-01,"INTC",-0.002546309588487,0.0225452365086134,33,NA,NA
"1066",2015-04-01,"INTC",0.0020001083810262,0.0136749944963872,33,NA,NA
"1067",2015-05-01,"INTC",0.00328914371514156,0.0118582747739437,22,NA,NA
"1068",2015-06-01,"INTC",-0.00558332475414388,0.0126033230527995,28,NA,NA
"1069",2015-07-01,"INTC",-0.00217430339689369,0.0118570939139516,36,NA,NA
"1070",2015-08-01,"INTC",-7.98543922240144e-05,0.021006631809867,30,NA,NA
"1071",2015-09-01,"INTC",0.00269446746958973,0.0167629886952156,24,NA,NA
"1072",2015-10-01,"INTC",0.0054247661606421,0.0132116049215448,34,NA,NA
"1073",2015-11-01,"INTC",0.00174313304480932,0.0117995323767723,20,NA,NA
"1074",2015-12-01,"INTC",-0.000326987336773384,0.0139593694611477,20,NA,NA
"1075",2016-01-01,"INTC",-0.00513541691974807,0.0274472603895758,26,NA,NA
"1076",2016-02-01,"INTC",-0.00178785005235306,0.0164437837921478,20,NA,NA
"1077",2016-03-01,"INTC",0.00411887805865646,0.0109676948503494,22,NA,NA
"1078",2016-04-01,"INTC",-0.00308968451733247,0.0106374764991988,30,NA,NA
"1079",2016-05-01,"INTC",0.00248618861863375,0.0106226004231984,20,NA,NA
"1080",2016-06-01,"INTC",0.00182732853459317,0.0156040013796128,22,NA,NA
"1081",2016-07-01,"INTC",0.00312890160086227,0.0127975074808503,33,NA,NA
"1082",2016-08-01,"INTC",0.00161502595004416,0.00629089206499369,23,NA,NA
"1083",2016-09-01,"INTC",0.00250178721079719,0.0139814355360124,26,NA,NA
"1084",2016-10-01,"INTC",-0.00366586851155297,0.0146982047186944,27,NA,NA
"1085",2016-11-01,"INTC",0.000184730668416654,0.0106855662149877,19,NA,NA
"1086",2016-12-01,"INTC",0.00217880662526098,0.0120649800771317,20,NA,NA
"1087",2017-01-01,"INTC",0.000793944870269857,0.00932021879958736,26,NA,NA
"1088",2017-02-01,"INTC",-0.000482723939226684,0.00887398925170886,27,NA,NA
"1089",2017-03-01,"INTC",-0.000131616540980417,0.00718057913752549,26,NA,NA
"1090",2017-04-01,"INTC",0.000139541443450947,0.0104136695013662,28,NA,NA
"1091",2017-05-01,"INTC",0.000342625201412813,0.00833576204036887,25,NA,NA
"1092",2017-06-01,"INTC",-0.00303775848241935,0.00949360688849694,23,NA,NA
"1093",2017-07-01,"INTC",0.00254777499263441,0.00968838336326233,27,NA,NA
"1094",2017-08-01,"INTC",-0.00013769862727827,0.00905341320378198,26,NA,NA
"1095",2017-09-01,"INTC",0.00415304571697807,0.00761773396039841,23,NA,NA
"1096",2017-10-01,"INTC",0.00824979079419174,0.0171360555743835,48,NA,NA
"1097",2017-11-01,"INTC",0.00817312372864738,0.017969745702928,91,2956,1329691
"1098",2010-06-01,"TSLA",-0.0025115110925074,NA,7,NA,NA
"1099",2010-07-01,"TSLA",-0.0063453967334056,0.0653548615460743,8,NA,NA
"1100",2010-08-01,"TSLA",-0.000516298910353121,0.0337700669251718,3,NA,NA
"1101",2010-09-01,"TSLA",0.00278519120649009,0.0345530009452999,2,NA,NA
"1102",2010-10-01,"TSLA",0.00335838868677374,0.0156774575689439,1,NA,NA
"1103",2010-11-01,"TSLA",0.0246416614921888,0.0577109585465535,3,NA,NA
"1104",2010-12-01,"TSLA",-0.0115793587414895,0.048691232048333,2,NA,NA
"1105",2011-01-01,"TSLA",-0.00451521709390721,0.0310988315159699,2,NA,NA
"1106",2011-02-01,"TSLA",0.000141022475855177,0.0358697400502207,2,NA,NA
"1107",2011-03-01,"TSLA",0.00720181118573761,0.0389918877129969,2,NA,NA
"1108",2011-04-01,"TSLA",3.298788372334e-05,0.0252349301537259,2,NA,NA
"1109",2011-05-01,"TSLA",0.0046896512985067,0.0323427526300534,2,NA,NA
"1110",2011-06-01,"TSLA",-0.00111325115913469,0.0301335008152994,2,NA,NA
"1111",2011-07-01,"TSLA",-0.00149565079273149,0.0193667408760778,1,NA,NA
"1112",2011-08-01,"TSLA",-0.00472890551954308,0.0430980451416113,2,NA,NA
"1113",2011-09-01,"TSLA",-0.000280649217887119,0.0288561897486917,1,NA,NA
"1114",2011-10-01,"TSLA",0.00924910100662333,0.0278695574236865,2,NA,NA
"1115",2011-11-01,"TSLA",0.00591496473632429,0.0399941349559696,2,NA,NA
"1116",2011-12-01,"TSLA",-0.00612264939211452,0.0269970743088505,1,NA,NA
"1117",2012-01-01,"TSLA",0.00270514975014084,0.0606241384658797,2,NA,NA
"1118",2012-02-01,"TSLA",0.0072004374070964,0.0214726667512064,2,NA,NA
"1119",2012-03-01,"TSLA",0.00529378980912026,0.0275503357114624,2,NA,NA
"1120",2012-04-01,"TSLA",-0.00544534562626377,0.0281704594054223,2,NA,NA
"1121",2012-05-01,"TSLA",-0.00440047470985222,0.0427636301778452,2,NA,NA
"1122",2012-06-01,"TSLA",0.00333498516964616,0.0333483076000601,2,NA,NA
"1123",2012-07-01,"TSLA",-0.00565678359663755,0.0356286441715597,2,NA,NA
"1124",2012-08-01,"TSLA",0.00221574512445085,0.0325022221862441,2,NA,NA
"1125",2012-09-01,"TSLA",0.00215275102873158,0.0398208580401027,2,NA,NA
"1126",2012-10-01,"TSLA",-0.00172630621257429,0.0192922356613251,2,NA,NA
"1127",2012-11-01,"TSLA",0.00914439925879464,0.0269449330841784,3,NA,NA
"1128",2012-12-01,"TSLA",0.000212405767754429,0.0169827184592,3,NA,NA
"1129",2013-01-01,"TSLA",0.00500773867871839,0.0169275923588128,3,NA,NA
"1130",2013-02-01,"TSLA",-0.0033979426376627,0.0320591134460226,5,NA,NA
"1131",2013-03-01,"TSLA",0.00445002387748267,0.0218810498608128,4,NA,NA
"1132",2013-04-01,"TSLA",0.0171624889123683,0.045303807601548,9,NA,NA
"1133",2013-05-01,"TSLA",0.0300756973168371,0.0782957168829631,37,NA,NA
"1134",2013-06-01,"TSLA",0.00509884927649419,0.0290162572343512,25,NA,NA
"1135",2013-07-01,"TSLA",0.0113235256555801,0.047346042757814,29,NA,NA
"1136",2013-08-01,"TSLA",0.0112642065998835,0.0406768820486033,41,NA,NA
"1137",2013-09-01,"TSLA",0.00699206279026027,0.0223911105729696,30,NA,NA
"1138",2013-10-01,"TSLA",-0.00771261865673476,0.0323908397823389,39,NA,NA
"1139",2013-11-01,"TSLA",-0.00997032290372863,0.0528488905005329,46,NA,NA
"1140",2013-12-01,"TSLA",0.00893537375577776,0.0459246936024558,28,NA,NA
"1141",2014-01-01,"TSLA",0.00979712558896072,0.0432210845848402,26,NA,NA
"1142",2014-02-01,"TSLA",0.0167685448597052,0.0438054787353947,47,NA,NA
"1143",2014-03-01,"TSLA",-0.00739459996756438,0.0220747896101832,35,NA,NA
"1144",2014-04-01,"TSLA",0.000543960553446544,0.0376237422432866,29,NA,NA
"1145",2014-05-01,"TSLA",0.000492034259064294,0.0322230517398736,31,NA,NA
"1146",2014-06-01,"TSLA",0.00716674670079811,0.0239556387241991,25,NA,NA
"1147",2014-07-01,"TSLA",-0.00310892830783256,0.0191308859008585,22,NA,NA
"1148",2014-08-01,"TSLA",0.00918450297217325,0.0181381485091609,24,NA,NA
"1149",2014-09-01,"TSLA",-0.00463463884776449,0.0278821940933545,26,NA,NA
"1150",2014-10-01,"TSLA",0.000400318484432774,0.0347371895311568,26,NA,NA
"1151",2014-11-01,"TSLA",0.000844735107235589,0.0222544456279671,19,NA,NA
"1152",2014-12-01,"TSLA",-0.00398858310890729,0.0255349476618118,18,NA,NA
"1153",2015-01-01,"TSLA",-0.00416176800621146,0.0226519163904712,18,NA,NA
"1154",2015-02-01,"TSLA",0.000203136543970489,0.0238407752463845,22,NA,NA
"1155",2015-03-01,"TSLA",-0.00314668877332654,0.0218117334304731,19,NA,NA
"1156",2015-04-01,"TSLA",0.00886916167612599,0.0232075924735753,22,NA,NA
"1157",2015-05-01,"TSLA",0.00526887607139704,0.0113193567644994,25,NA,NA
"1158",2015-06-01,"TSLA",0.00316950958596016,0.0149354355936431,17,NA,NA
"1159",2015-07-01,"TSLA",2.89246255443644e-06,0.0273862976716669,21,NA,NA
"1160",2015-08-01,"TSLA",-0.00247551585446753,0.0376120180631224,25,NA,NA
"1161",2015-09-01,"TSLA",5.75271148747855e-05,0.0196355694648849,17,NA,NA
"1162",2015-10-01,"TSLA",-0.00797261356895921,0.0247471973303492,18,NA,NA
"1163",2015-11-01,"TSLA",0.00590928682757466,0.0347469989991957,17,NA,NA
"1164",2015-12-01,"TSLA",0.00210396862179666,0.0214393890158859,11,NA,NA
"1165",2016-01-01,"TSLA",-0.0116318426043343,0.0233202894418005,14,NA,NA
"1166",2016-02-01,"TSLA",0.00122314496267561,0.046388696676459,26,NA,NA
"1167",2016-03-01,"TSLA",0.00846462103453393,0.0229010500966388,24,NA,NA
"1168",2016-04-01,"TSLA",0.00247710921193317,0.0229701508939588,35,NA,NA
"1169",2016-05-01,"TSLA",-0.00335064426029054,0.0224508904411838,24,NA,NA
"1170",2016-06-01,"TSLA",-0.00179029104731201,0.031624714513462,27,NA,NA
"1171",2016-07-01,"TSLA",0.00518567539801495,0.0168162133207644,24,NA,NA
"1172",2016-08-01,"TSLA",-0.0043712714937221,0.0108316173355085,20,NA,NA
"1173",2016-09-01,"TSLA",-0.00164845757331177,0.0191621872219367,19,NA,NA
"1174",2016-10-01,"TSLA",-0.00130611964402036,0.0198409356274859,23,NA,NA
"1175",2016-11-01,"TSLA",-0.00183298776943376,0.0211695765431917,22,NA,NA
"1176",2016-12-01,"TSLA",0.00594551505990984,0.0196367124108125,18,NA,NA
"1177",2017-01-01,"TSLA",0.00836846198268977,0.0148722558545688,22,NA,NA
"1178",2017-02-01,"TSLA",-8.53674024347489e-05,0.0258463895164677,33,NA,NA
"1179",2017-03-01,"TSLA",0.00483741853899148,0.0184673750192238,23,NA,NA
"1180",2017-04-01,"TSLA",0.00664799008820769,0.0242850338732689,34,NA,NA
"1181",2017-05-01,"TSLA",0.00407048385258534,0.0255983002493931,36,NA,NA
"1182",2017-06-01,"TSLA",0.00288249253608535,0.021109935711962,38,NA,NA
"1183",2017-07-01,"TSLA",-0.00514518017991149,0.029224614048225,42,NA,NA
"1184",2017-08-01,"TSLA",0.00438849110084488,0.0218841350863894,33,NA,NA
"1185",2017-09-01,"TSLA",-0.00189268397882173,0.0220561899302003,23,NA,NA
"1186",2017-10-01,"TSLA",-0.00110398736750026,0.0198739191086132,26,4113,301174
"1187",2017-11-01,"TSLA",-0.0218673792351128,0.038021702720947,100,18426,1989470
"1188",2004-01-01,"TSLA",NA,NA,0,NA,NA
"1189",2004-02-01,"TSLA",NA,NA,0,NA,NA
"1190",2004-03-01,"TSLA",NA,NA,0,NA,NA
"1191",2004-04-01,"TSLA",NA,NA,0,NA,NA
"1192",2004-05-01,"TSLA",NA,NA,0,NA,NA
"1193",2004-06-01,"TSLA",NA,NA,0,NA,NA
"1194",2004-07-01,"TSLA",NA,NA,0,NA,NA
"1195",2004-08-01,"TSLA",NA,NA,0,NA,NA
"1196",2004-09-01,"TSLA",NA,NA,0,NA,NA
"1197",2004-10-01,"TSLA",NA,NA,0,NA,NA
"1198",2004-11-01,"TSLA",NA,NA,0,NA,NA
"1199",2004-12-01,"TSLA",NA,NA,0,NA,NA
"1200",2005-01-01,"TSLA",NA,NA,0,NA,NA
"1201",2005-02-01,"TSLA",NA,NA,0,NA,NA
"1202",2005-03-01,"TSLA",NA,NA,0,NA,NA
"1203",2005-04-01,"TSLA",NA,NA,0,NA,NA
"1204",2005-05-01,"TSLA",NA,NA,0,NA,NA
"1205",2005-06-01,"TSLA",NA,NA,0,NA,NA
"1206",2005-07-01,"TSLA",NA,NA,0,NA,NA
"1207",2005-08-01,"TSLA",NA,NA,0,NA,NA
"1208",2005-09-01,"TSLA",NA,NA,0,NA,NA
"1209",2005-10-01,"TSLA",NA,NA,0,NA,NA
"1210",2005-11-01,"TSLA",NA,NA,0,NA,NA
"1211",2005-12-01,"TSLA",NA,NA,0,NA,NA
"1212",2006-01-01,"TSLA",NA,NA,0,NA,NA
"1213",2006-02-01,"TSLA",NA,NA,0,NA,NA
"1214",2006-03-01,"TSLA",NA,NA,0,NA,NA
"1215",2006-04-01,"TSLA",NA,NA,0,NA,NA
"1216",2006-05-01,"TSLA",NA,NA,0,NA,NA
"1217",2006-06-01,"TSLA",NA,NA,0,NA,NA
"1218",2006-07-01,"TSLA",NA,NA,0,NA,NA
"1219",2006-08-01,"TSLA",NA,NA,0,NA,NA
"1220",2006-09-01,"TSLA",NA,NA,0,NA,NA
"1221",2006-10-01,"TSLA",NA,NA,0,NA,NA
"1222",2006-11-01,"TSLA",NA,NA,0,NA,NA
"1223",2006-12-01,"TSLA",NA,NA,0,NA,NA
"1224",2007-01-01,"TSLA",NA,NA,0,NA,NA
"1225",2007-02-01,"TSLA",NA,NA,0,NA,NA
"1226",2007-03-01,"TSLA",NA,NA,0,NA,NA
"1227",2007-04-01,"TSLA",NA,NA,0,NA,NA
"1228",2007-05-01,"TSLA",NA,NA,0,NA,NA
"1229",2007-06-01,"TSLA",NA,NA,0,NA,NA
"1230",2007-07-01,"TSLA",NA,NA,0,NA,NA
"1231",2007-08-01,"TSLA",NA,NA,0,NA,NA
"1232",2007-09-01,"TSLA",NA,NA,0,NA,NA
"1233",2007-10-01,"TSLA",NA,NA,0,NA,NA
"1234",2007-11-01,"TSLA",NA,NA,0,NA,NA
"1235",2007-12-01,"TSLA",NA,NA,0,NA,NA
"1236",2008-01-01,"TSLA",NA,NA,0,NA,NA
"1237",2008-02-01,"TSLA",NA,NA,0,NA,NA
"1238",2008-03-01,"TSLA",NA,NA,0,NA,NA
"1239",2008-04-01,"TSLA",NA,NA,0,NA,NA
"1240",2008-05-01,"TSLA",NA,NA,0,NA,NA
"1241",2008-06-01,"TSLA",NA,NA,0,NA,NA
"1242",2008-07-01,"TSLA",NA,NA,0,NA,NA
"1243",2008-08-01,"TSLA",NA,NA,0,NA,NA
"1244",2008-09-01,"TSLA",NA,NA,0,NA,NA
"1245",2008-10-01,"TSLA",NA,NA,0,NA,NA
"1246",2008-11-01,"TSLA",NA,NA,0,NA,NA
"1247",2008-12-01,"TSLA",NA,NA,0,NA,NA
"1248",2009-01-01,"TSLA",NA,NA,0,NA,NA
"1249",2009-02-01,"TSLA",NA,NA,0,NA,NA
"1250",2009-03-01,"TSLA",NA,NA,0,NA,NA
"1251",2009-04-01,"TSLA",NA,NA,0,NA,NA
"1252",2009-05-01,"TSLA",NA,NA,0,NA,NA
"1253",2009-06-01,"TSLA",NA,NA,0,NA,NA
"1254",2009-07-01,"TSLA",NA,NA,0,NA,NA
"1255",2009-08-01,"TSLA",NA,NA,0,NA,NA
"1256",2009-09-01,"TSLA",NA,NA,0,NA,NA
"1257",2009-10-01,"TSLA",NA,NA,0,NA,NA
"1258",2009-11-01,"TSLA",NA,NA,0,NA,NA
"1259",2009-12-01,"TSLA",NA,NA,0,NA,NA
"1260",2010-01-01,"TSLA",NA,NA,0,NA,NA
"1261",2010-02-01,"TSLA",NA,NA,0,NA,NA
"1262",2010-03-01,"TSLA",NA,NA,0,NA,NA
"1263",2010-04-01,"TSLA",NA,NA,0,NA,NA
"1264",2010-05-01,"TSLA",NA,NA,0,NA,NA
